Exporter_ISO,Importer_ISO,Year,Export_Value_Million_USD,Import_Value_Million_USD,Trade_Balance_Million_USD,Bilateral_Distance_KM
IND,ARE,2022,29612.66,68717.12,-39104.46,2200
IND,AUS,2022,49386.99,58414.92,-9027.93,10450
IND,AUS,2022,73198.69,49004.85,24193.84,10450
IND,CAN,2022,20904.88,46234.03,-25329.15,11400
IND,DEU,2022,13284.34,40479.86,-27195.52,6750
IND,DEU,2022,47841.53,57342.09,-9500.56,6750
IND,DEU,2022,59027.19,64704.9,-5677.71,6750
IND,DEU,2022,39590.49,54069.54,-14479.05,6750
IND,FRA,2022,49583.0,58193.11,-8610.11,6840
IND,JPN,2022,19814.74,21930.36,-2115.62,5840
IND,JPN,2022,42618.12,23279.26,19338.86,5840
IND,JPN,2022,76422.08,38579.43,37842.65,5840
IND,SGP,2022,69019.55,63090.13,5929.42,4150
IND,USA,2022,52794.48,84582.42,-31787.94,13570
IND,ARE,2023,18137.83,66451.42,-48313.59,2200
IND,AUS,2023,47925.34,5964.6,41960.74,10450
IND,AUS,2023,19270.12,45193.55,-25923.43,10450
IND,CHN,2023,87276.8,54783.67,32493.13,3780
IND,CHN,2023,76214.88,6871.16,69343.72,3780
IND,CHN,2023,54464.6,59048.51,-4583.91,3780
IND,DEU,2023,32909.57,46855.94,-13946.37,6750
IND,DEU,2023,33725.8,26256.15,7469.65,6750
IND,DEU,2023,47012.17,40929.71,6082.46,6750
IND,DEU,2023,6529.53,47511.34,-40981.81,6750
IND,FRA,2023,87941.71,617.82,87323.89,6840
IND,FRA,2023,81482.64,1030.54,80452.1,6840
IND,FRA,2023,23351.99,15954.98,7397.01,6840
IND,FRA,2023,59762.52,76249.82,-16487.3,6840
IND,FRA,2023,67168.39,14917.68,52250.71,6840
IND,FRA,2023,77500.89,20218.69,57282.2,6840
IND,GBR,2023,43508.26,29309.08,14199.18,6700
IND,GBR,2023,44965.72,38651.66,6314.06,6700
IND,JPN,2023,21461.59,84227.07,-62765.48,5840
IND,SGP,2023,1865.76,48362.65,-46496.89,4150
IND,USA,2023,76913.44,15295.65,61617.79,13570
IND,USA,2023,18548.86,77099.77,-58550.91,13570
IND,ARE,2024,20618.32,34580.71,-13962.39,2200
IND,ARE,2024,78903.8,25116.22,53787.58,2200
IND,ARE,2024,34225.21,24275.12,9950.09,2200
IND,CAN,2024,47821.55,53646.25,-5824.7,11400
IND,CHN,2024,31946.73,84381.67,-52434.94,3780
IND,DEU,2024,40103.04,7213.09,32889.95,6750
IND,DEU,2024,18782.34,44914.29,-26131.95,6750
IND,DEU,2024,84122.46,44956.45,39166.01,6750
IND,FRA,2024,54210.18,10268.29,43941.89,6840
IND,GBR,2024,28692.82,22847.04,5845.78,6700
IND,GBR,2024,68240.59,51212.16,17028.43,6700
IND,SGP,2024,4363.13,84864.37,-80501.24,4150
IND,SGP,2024,45053.0,55521.41,-10468.41,4150
IND,USA,2024,10084.62,49465.73,-39381.11,13570
