ISO_Code,Year,Current_Account_Balance_Pct,FDI_Inflows_Pct,Broad_Money_Growth_Pct,Inflation_CPI,Central_Govt_Debt_Pct,Govt_Consumption_Pct,Gross_Capital_Formation_Pct,Trade_Openness_Pct,GDP_Growth_Pct,GDP_per_capita_USD,Labor_Force_Participation_Pct,Unemployment_Pct
BRA,2015,-3.51839166799859,3.59214931791344,11.5589675466884,9.02990102416136,67.5375540310909,19.7768199564016,17.4116258675005,26.95362593736,-3.54576339269425,8936.19661712113,64.275,8.538
BRA,2016,-1.700113396765,4.13737803865892,11.3908022394486,8.73914352329393,73.4188038014782,20.3792974264123,14.9695469721031,24.5336820777006,-3.27591690782192,8836.28652735657,64.29,11.58
BRA,2017,-1.22429925769002,3.33825981739039,4.19019691967834,3.44637335032669,83.669202649666,20.1619046963757,14.6255875978858,24.3197343743057,1.32286905404399,10080.5092819305,64.525,12.792
BRA,2018,-2.80752008594698,4.07858821454947,7.10415817034185,3.66485028376729,86.6078841211512,19.8950877833541,15.0950416291605,28.8762033763866,1.783666761634,9300.66164923219,64.501,12.329
BRA,2019,-3.41429103072781,3.692673213156,8.13626147855922,3.73297621216894,92.5652531945418,19.9835812871624,15.5167908009424,28.8902578698964,1.22077782360842,9029.83326681073,64.887,11.936
BRA,2020,-1.64103541830151,2.59263795310275,17.0242715916522,3.21176803803376,98.7098819468714,20.135153015057,16.1158206039466,32.3020785437939,-3.2767587964736,7074.19378337644,60.479,13.697
BRA,2021,-2.35822097223117,2.77979084938159,12.2592082545636,8.30165975585673,85.0115036768016,18.5475883605677,19.5218850206383,37.6563307598082,4.76260437908608,7972.5366498646,62.456,13.158
BRA,2022,-2.14967698505073,3.8680317970139,12.749851574354,9.28010608956873,79.1023218878495,18.4022127200534,18.0882204442366,38.8160659763397,3.01669435393015,9281.33334441234,63.527,9.231
BRA,2023,-1.23139445763703,2.86383344298207,14.6913349187946,4.59356282283204,83.0317498523878,19.042610794419,15.7606472065087,33.6662298301438,3.24165532906981,10377.5892792557,62.915,7.947
BRA,2024,-2.9880142706208,3.38960808548439,13.7069600898316,4.36746407652337,81.8554431191023,18.7696027831652,16.9814356044398,35.5845239386244,3.41931516501906,10310.5486973693,63.339,6.801
CHN,2015,2.59752794949746,2.14957284731563,13.343101694296,1.43702380935655,,16.2578121496943,42.7349872564364,38.6971848362625,6.98162255562367,8175.33285077393,69.3,4.65
CHN,2016,1.67018709565352,1.52539470315394,11.3331189514331,2.00000182191943,,16.4004661104345,42.1386166189127,36.177170692978,6.7736886867727,8254.86859320357,68.88,4.56
CHN,2017,1.50488723669316,1.32468971748482,8.10977796183974,1.59313600071436,,16.501760892272,42.5497375507577,36.95085261586,6.89123916636191,8979.67652709856,68.35,4.47
CHN,2018,0.170563391928727,1.66361992284408,6.99106169351358,2.07479039965576,,16.8365384091475,43.313827489682,36.8943843914718,6.757806142324,10085.6638148819,67.81,4.31
CHN,2019,0.619961080716059,1.28549226847992,8.8822790596896,2.89923416358227,,17.1510123948127,42.6695374085222,35.4544350281407,6.06737806333672,10342.9009524335,67.38,4.56
CHN,2020,1.49179592498582,1.68770756292082,10.0135623141248,2.41942189457782,,17.6037978191606,42.5723735094229,34.337778473884,2.33950385203023,10627.4637989619,65.721,5.0
CHN,2021,1.6339546037037,1.8903454142588,9.0757457335677,0.981015135544882,,16.3512045683208,42.6822612949312,36.6428789643754,8.57038414981781,12887.4357242941,67.11,4.55
CHN,2022,2.20640460953834,1.03841365474349,11.6633002240566,1.97357555739051,,16.6626986358672,42.3554333470499,37.512555678171,3.13385438394069,12970.6056414327,65.8,4.98
CHN,2023,1.40681103517507,0.280991103634816,9.84883453512065,0.234836828893051,,17.1891419707315,41.1297102455381,36.7391496938394,5.41600334492955,12951.1782397043,65.83,4.67
CHN,2024,2.46818591485776,0.227695125306895,6.8107070839647,0.218128938439177,,16.7084895385701,40.4815134449629,37.9560601372544,4.95830378788091,13293.1162269366,64.91,4.59
DEU,2015,8.09671429040112,1.82239938063641,,0.514426137125456,,19.6286398253337,19.4978020945699,77.7565815686922,1.66300602334775,41929.7549110722,60.22,4.612
DEU,2016,8.90236036837271,1.64365840117303,,0.491747008445174,,19.8387899386895,19.7122567843741,76.0059902166055,2.22222216259371,42948.9381932694,60.411,4.104
DEU,2017,8.07873526112888,2.88914588414184,,1.50949485109628,,19.7410226485175,20.6909762954118,77.4548394742448,2.797906720551,45553.9341495339,60.659,3.781
DEU,2018,8.43761219902204,4.00082875273687,,1.73216879766942,,19.8170953660859,21.6503641494105,79.1252260463654,1.13569604599849,48916.1686612154,60.859,3.384
DEU,2019,7.87471222403173,1.9056930139782,,1.44565976888253,,20.2841166093722,21.381259046499,79.0732427175683,0.977734697038784,47656.199739747,61.307,3.163
DEU,2020,6.34782686016016,4.48523547812751,,0.144877925813982,,22.2865083229007,21.7290304632077,72.9335327120137,-4.13191443239947,47394.8734504469,60.478,3.881
DEU,2021,6.92006966375342,2.93002168676674,,3.06666666666673,,22.1929805504109,22.6730557200041,79.9195348609851,3.90999994204108,52349.2459994422,60.395,3.594
DEU,2022,4.11376375249819,1.82269397984058,,6.87257438551097,,21.7629762946215,23.2760146288029,88.7857542130501,1.8092581243061,50506.5179638543,60.835,3.137
DEU,2023,5.50327392607703,1.99210813981277,,5.94643667725823,,21.4537922077307,21.994283425489,81.9625483787634,-0.869647578573321,54776.7668235491,61.05,3.071
DEU,2024,5.89380863529108,1.33680512940413,,2.2564981433876,,21.9863385516647,21.4994328905028,79.0907305894936,-0.495851897260366,56103.7323182554,60.921,3.4
GBR,2015,-4.91700489264857,1.53903424150931,1.97421475965121,0.36804684232536,147.063146778865,19.3307524418884,18.4755209500336,57.125044605439,2.14040560033371,45256.040227057,62.25,5.552
GBR,2016,-5.46283821927875,11.9998637298189,8.71683817906946,1.0084173681141,155.581504971929,19.0213766769505,18.5956388685899,59.8395315138259,2.20652020635357,41258.5374285695,62.408,4.909
GBR,2017,-3.47326460218152,4.64443540147576,8.29633161273095,2.55775577557747,160.141177233502,18.4687648708625,19.1317371265417,63.1899245764158,3.02322219840339,40918.0520870944,62.412,4.501
GBR,2018,-3.88728858372976,-0.864867036878713,5.29982604936391,2.29283990345938,156.766820519267,18.3195114661863,18.8761161911788,64.9097721959201,1.55133095078786,43704.3162296687,62.619,4.145
GBR,2019,-2.66245642145608,0.688204352262878,-1.36415811942606,1.73810460086513,158.972569875821,18.8950896176188,19.0285140310906,65.0035664177054,1.25629899760824,43160.6843971799,62.625,3.657
GBR,2020,-2.92883387550299,5.77039185007421,9.7064401774406,0.989486703772491,194.682828796265,22.3195997590271,18.2807146353402,59.1598893030611,-10.047896637362,40815.1255364787,62.573,4.472
GBR,2021,-0.752836357784013,3.20643815254935,9.73272949147508,2.51837109614213,183.804848939919,21.8969522769662,18.8987416108827,58.53838629291,8.5431118453255,47695.6491523474,61.973,4.864
GBR,2022,-2.06737101121871,2.91635435189931,8.60749957375268,7.92204883147902,138.215904304967,20.5575158594765,18.3468561370256,69.1989264413981,5.14970388522993,47034.7795621476,61.905,3.768
GBR,2023,-3.57676183842871,0.403116734836793,-2.63048241290666,6.79396706793963,136.142431919028,20.6153775719761,18.4594014019513,64.9923841747803,0.271650048355255,49919.6896621586,61.811,4.025
GBR,2024,-2.95960422411904,-0.350561573947678,2.56374043540393,3.2715729463592,130.735888365813,20.9036038740505,19.1682079957281,62.839052044584,1.08027716858781,53341.3131094262,61.556,4.361
IDN,2015,-2.03504192745969,2.29761639380441,8.99699007638042,6.36312061196646,,9.74941376966575,34.0627921803386,41.9376402415294,4.87632230022123,3288.22269725538,66.578,4.514
IDN,2016,-1.81915089251384,0.487372471368879,10.028498820515,3.52580452815451,,9.52781009028137,33.8587393039462,37.4213418023318,5.03306918280177,3521.46943457574,66.314,4.301
IDN,2017,-1.59465689989364,2.01948919812582,8.27552807924628,3.80879857691949,,9.12057115207813,33.7105947957751,39.3554970704606,5.06978590134916,3798.88326174526,66.694,3.783
IDN,2018,-2.93907291477017,1.81428979349441,6.29028912373828,3.19834755924996,,9.02123180420785,34.5705858319707,43.0743089552002,5.17429153955024,3860.95353090726,67.652,4.387
IDN,2019,-2.7056619813955,2.23336204282241,6.5404048812978,3.03058460941661,,8.80847129067065,33.7801423773995,37.6277775357108,5.01928768046282,4106.94856160358,68.238,3.59
IDN,2020,-0.418606247736126,1.81058402027127,12.533660872002,1.91983527270793,,9.65575053126545,32.3434120537481,32.9721754002427,-2.06551182934165,3853.70288774146,67.401,4.255
IDN,2021,0.295885914526078,1.7878556314554,13.9664354665972,1.56007882983334,,9.24694161503832,31.4488724858485,40.2047582749671,3.70288562827751,4287.17313995098,65.868,3.827
IDN,2022,1.00182875104005,1.87264100861425,8.35491255424404,4.20946463714784,,7.68965394773072,29.7453138212259,45.4646701959453,5.30719722664799,4730.83484836107,67.018,3.462
IDN,2023,-0.148899596516736,1.57116966408747,3.5003275285658,3.66938654859761,,7.4548740846574,30.3426390629498,41.4604765447233,5.04883117855516,4876.2992959843,67.899,3.308
IDN,2024,-0.614730078804115,1.73855290316368,4.75950395133225,2.18151273615189,,7.7446165133048,31.396316156558,42.809937870822,5.03257477088519,4925.43644992666,67.927,3.301
IND,2015,-1.06754907167965,2.09211521443253,10.6177245568846,4.90697344127249,49.9647183856551,10.4282907091862,32.1167301358276,41.9229138658647,7.99625378567987,1583.99815907985,53.031,7.629
IND,2016,-0.52788060603752,1.9373641224439,6.80095412358039,4.94821634062134,47.6337555915272,10.3085480747222,30.172690580036,40.082485713276,8.25630550176662,1707.50892912243,52.852,7.611
IND,2017,-1.43948820320989,1.50731583255894,10.4310437100352,3.32817337461305,47.5836093800197,10.7671989547856,30.9821728344733,40.7424969545225,6.79538341902422,1950.10468280866,52.671,7.626
IND,2018,-2.42697545810527,1.55821483801456,10.5196199752058,3.93882646691643,46.5224986659322,10.8232185258548,32.3432182154485,43.6169693323889,6.45385134495295,1966.25455171679,52.482,7.652
IND,2019,-1.04961203910072,1.78482633957161,10.5102484286107,3.72950573539123,,11.0026755133718,30.0961975685688,39.9054035306442,3.87143694070524,2041.42863698585,52.284,6.51
IND,2020,1.22362111042791,2.40620322673636,12.4791379043168,6.6234367762853,,11.6124524106018,28.9223840080659,37.7581053292768,-5.77772470687303,1907.04251637669,51.547,7.859
IND,2021,-1.05524166809383,1.41217101040888,11.2971056705459,5.13140747176364,,10.4763782400684,32.1158221755014,45.4230887840446,9.68959249191741,2239.61384367482,52.522,6.38
IND,2022,-2.43238270956779,1.53665241748393,,6.69903414079858,,11.0688036450937,34.4117962357355,50.6979382758042,7.6093649776932,2279.98145719369,53.587,4.822
IND,2023,-0.912777939495827,0.802254995836756,,5.64914318907925,,10.6054981056988,34.504684353812,46.3229520582338,7.210224629335,2434.44826340989,54.697,4.172
IND,2024,-0.851289719084462,0.721648483526777,,4.95303550973661,,10.6747047439734,34.3459060404746,45.9166907678748,7.09927893176518,2591.9916607122,55.639,4.173
JPN,2015,3.00967361767901,0.115829519336403,2.99485194460402,0.795279630579839,,19.1606996744383,26.5521482720668,34.7276305886293,1.79997735783475,35664.6446110613,59.499,3.385
JPN,2016,3.85588282294837,0.801395644123668,3.85264245657811,-0.127258844489754,,19.1952236323288,26.2400385919687,30.6562793068554,0.704986495111257,40214.9688631562,59.986,3.132
JPN,2017,4.03254042163651,0.37319148031924,3.48679482913745,0.484199796126385,,18.9878945850343,26.6345672327421,33.6888336792782,1.62345062245441,39679.8635262948,60.444,2.822
JPN,2018,3.43924007536728,0.490646618599307,2.32259329464308,0.989094598021848,,19.1049339062309,27.1363524954164,35.8035749582494,0.834143845965585,40645.478086519,61.446,2.467
JPN,2019,3.36672218972423,0.761769170240795,2.06668456825313,0.46877615938395,,19.4451575446193,27.3243645927693,34.3582972799989,-0.308496921143259,41424.8655601543,62.008,2.351
JPN,2020,2.8911777788158,1.20605775501323,7.35689680384515,-0.024995834027731,,20.4376163201187,26.8864795052794,30.5192226892273,-4.28327942675573,41098.9739004553,61.947,2.809
JPN,2021,3.76057343034324,0.67025659122188,2.94448247498499,-0.233352779398264,,20.5324975835506,27.3251613407145,35.4253927340539,3.56419531474475,41580.739040705,62.053,2.808
JPN,2022,2.0281112293848,1.08260095152642,2.27007776448937,2.49770278172255,,20.7103565973432,28.3107762241995,44.86063102004,1.33164750653741,35548.2645222433,62.502,2.614
JPN,2023,3.61127531871255,0.456297698647986,2.13454290639148,3.26813365933163,,20.0946215543648,27.7841122147677,43.5950833802735,0.720785304749811,35215.003535366,62.9,2.6
JPN,2024,4.62202410018024,0.450454817292247,0.0729489283133112,2.73853681635241,,20.1443964769656,27.6791711471936,44.8529388577573,-0.240084236041696,33797.1014287876,63.3,2.5
MEX,2015,-2.59917628224106,2.98783786611186,12.188904831945,2.72064064964023,,11.9012461267599,23.7361297452632,70.4129746799259,2.70232343024026,10021.2386113616,60.552,4.311
MEX,2016,-2.27311198277187,3.49768027047347,12.3347318971308,2.8217078474766,,11.5736804911904,24.3433923355958,75.6903034088551,1.7724932254128,9097.92397674769,60.427,3.853
MEX,2017,-1.79746290782777,2.78307493364523,11.2247047973686,6.04145724018986,,11.2156675519089,23.8923507105876,76.95212604414,1.87172854648381,9649.27816729586,60.209,3.419
MEX,2018,-2.06414074440499,3.0141785043816,4.528957051035,4.89935015356551,,11.2562967715418,23.4774930613878,80.212661650262,1.97208211101069,10084.7937570364,60.429,3.275
MEX,2019,-0.296844402020911,2.29651449559824,4.7000535891428,3.63596142127046,41.3273940594335,11.1079031004189,22.1485426356359,77.4619722509459,-0.392690513290532,10369.5553593527,61.12,3.477
MEX,2020,2.39710320563074,2.81400875229273,13.4400145872099,3.39683415570006,45.8373464207273,12.1968302797085,20.2366593532112,76.8545557151738,-8.35403459379062,8841.27074929751,56.426,4.44
MEX,2021,-0.340708629738092,2.70530313479407,9.50769005668138,5.68920847683753,44.860955801458,11.4047335546323,21.7074939319357,83.0692976264524,6.04848347173572,10314.0506733708,59.925,4.019
MEX,2022,-1.27426718190487,2.67267286267437,7.32427833539717,7.8962761916855,43.9694401581611,11.1310457410755,22.7701948917166,88.7984855897261,3.70975708309098,11405.7940469896,60.946,3.256
MEX,2023,-0.699077082003633,1.7099038174861,11.0177388297609,5.52796087314389,45.1534859576172,11.2418882240693,23.3050041337289,73.7390758255664,3.1067964131456,13830.843848864,61.743,2.765
MEX,2024,-0.912091864173097,2.48429388161511,13.8172872591046,4.72225588452932,50.270950655733,11.6225557793018,23.9034064485777,75.4259015415068,1.35057631384696,13988.0423745241,61.635,2.678
USA,2015,-2.2325584903738,2.79548220201356,3.14303976348123,0.118627135552451,96.1410808045622,14.2333167295426,21.4151895660781,27.6882139340768,2.94555045227337,56849.4697923159,62.267,5.28
USA,2016,-2.10699725119707,2.52268117379751,3.84943175924811,1.26158320570536,98.1169229551873,14.1100041249858,20.8879562484549,26.4525977865465,1.81945147909089,57976.628204291,62.431,4.869
USA,2017,-1.87442427129943,1.94177554246862,4.80195396372877,2.13011000365961,97.2074691432871,13.8471337748498,21.1557690246563,27.1253382222874,2.45762230126449,60047.7190728307,62.548,4.355
USA,2018,-2.12518413076048,1.03945408799819,4.03042002361151,2.44258329692817,98.62934291533,13.8442126445718,21.5690729259474,27.4453591302618,2.96650506701943,62875.6661382728,62.592,3.896
USA,2019,-2.05182158462342,1.46696501417689,8.39189902015057,1.81221007526021,100.234364169849,13.9835585749329,21.6698091948266,26.2584806245428,2.58382533052225,65227.9565911038,62.848,3.669
USA,2020,-2.77659039897534,0.641236014628299,19.5598177699877,1.23358439630629,124.509268439559,14.8775026630059,21.4377205146449,23.1399437509149,-2.081375977796,64465.2971415748,61.556,8.055
USA,2021,-3.61901225446136,2.01451214498067,14.5395068823421,4.69785886363742,118.284809538371,14.2309724351013,21.4064022284747,25.2327260228331,6.15202247867526,71441.2319805947,61.501,5.349
USA,2022,-3.81177015326345,1.60006208497274,-0.865150140224395,8.00279982052121,112.71753248772,13.6769940249355,22.0268164402666,26.9078981557739,2.52421385073222,78008.6895811877,61.794,3.65
USA,2023,-3.33680827263036,1.30141768246586,1.81977474451414,4.11633838374488,114.73462594651,13.5407140861824,21.5701430454153,24.9292981752847,2.93436322440155,82586.7847707894,62.08,3.638
USA,2024,-4.04564637199117,1.01391858895004,5.28199055240445,2.94952520485207,115.768352618316,13.6249512893588,21.5325967668865,25.0160172978284,2.79318715363841,86169.6641581917,61.959,4.022
ZAF,2015,-4.31028688643789,0.438735792056356,10.3236455754922,4.51869094892506,52.6511572360833,18.9850713286308,18.6332066638376,56.7266761447156,1.32186223678229,6112.27382485974,54.591,25.149
ZAF,2016,-2.63361451678797,0.684612553455795,6.0794489265993,6.60290842394872,53.7387913884354,19.3075616545523,16.9604522948246,55.8612575048782,0.664552307858116,5651.20585165749,54.714,26.536
ZAF,2017,-2.37436753188649,0.539673956759456,6.42553637795089,5.18618655524149,56.2597208390879,19.2360771279531,16.6107340612402,53.5359318293741,1.15794695181735,6618.33508255701,55.359,27.035
ZAF,2018,-3.00051939426576,1.3742911715346,5.59961566272095,4.50987264867388,59.1023114070608,19.352226142463,16.1705829786619,54.4855451276341,1.55678384721676,6914.1780318076,55.161,26.906
ZAF,2019,-2.6199906748304,1.31407752293306,6.11024523226612,4.10285075461156,64.5892781351104,19.5800800398681,15.8207933783179,53.8979964081406,0.25993557687633,6533.71121032856,55.267,28.468
ZAF,2020,2.00352275153333,0.933073684352391,9.42732646118054,3.23238831615113,75.7255090793216,20.6203398698938,12.3455441478462,50.7596590804177,-6.1689177146757,5580.60383075189,50.548,29.217
ZAF,2021,3.7724136934501,9.68098022663018,5.70998519867421,4.61874544887136,74.0826080051444,19.1219841764515,12.8355522251838,56.1647136277546,4.85864865060148,6828.75624590017,52.024,34.007
ZAF,2022,-0.296182598127432,2.26670277731613,8.63772594295266,7.03987272546482,76.2333180266081,18.775567058988,15.6721092997041,64.94713440234,2.05813661692193,6534.24867783397,53.499,33.268
ZAF,2023,-1.10356312207881,1.0127377916456,7.59374277685431,6.0752438457966,79.4140619824567,19.1795974311491,15.3913174995668,65.6798759740707,0.80610455095804,6034.27208964673,55.02,32.098
ZAF,2024,-0.64279979707505,0.580891709673066,6.70914778555201,4.36115246518962,82.7627080034486,19.1885263808601,14.0695508769888,61.646770473025,0.534843531905139,6267.186814093,55.57,32.279
