Timestamp,Ticker,Trade_Count,Quote_Count,Cancel_Count,Quote_To_Trade_Ratio,Effective_Spread_Bps,Realized_Volatility_Pct
2026-10-05 09:15:00,NIFTY_FUT,361,10108,7666,28.0,1.01,0.3104
2026-10-05 09:16:00,NIFTY_FUT,279,8091,5731,29.0,0.82,0.1114
2026-10-05 09:17:00,NIFTY_FUT,387,12771,10291,33.0,1.58,0.0586
2026-10-05 09:18:00,NIFTY_FUT,212,3604,2983,17.0,1.03,0.02
2026-10-05 09:19:00,NIFTY_FUT,230,5750,4786,25.0,1.04,0.037
2026-10-05 09:20:00,NIFTY_FUT,202,5050,3448,25.0,1.87,0.1946
2026-10-05 09:21:00,NIFTY_FUT,326,8476,6402,26.0,1.67,0.028
2026-10-05 09:22:00,NIFTY_FUT,320,7680,6280,24.0,1.76,0.5059
2026-10-05 09:23:00,NIFTY_FUT,314,5338,4006,17.0,1.17,0.1778
2026-10-05 09:24:00,NIFTY_FUT,292,7300,4922,25.0,1.06,0.182
2026-10-05 09:25:00,NIFTY_FUT,392,10976,8426,28.0,1.25,0.3984
2026-10-05 09:26:00,NIFTY_FUT,155,4495,3361,29.0,1.52,0.0479
2026-10-05 09:27:00,NIFTY_FUT,367,8074,6043,22.0,1.13,0.02
2026-10-05 09:28:00,NIFTY_FUT,229,4351,3315,19.0,0.9,0.1711
2026-10-05 09:29:00,NIFTY_FUT,92,1656,1339,18.0,1.55,0.0226
2026-10-05 09:30:00,NIFTY_FUT,126,4158,2942,33.0,1.58,0.2199
2026-10-05 09:31:00,NIFTY_FUT,256,7424,5022,29.0,1.07,0.1983
2026-10-05 09:32:00,NIFTY_FUT,254,6350,5188,25.0,1.19,0.3124
2026-10-05 09:33:00,NIFTY_FUT,127,2413,1967,19.0,0.94,0.5806
2026-10-05 09:34:00,NIFTY_FUT,59,1416,1149,24.0,1.35,0.0531
2026-10-05 09:35:00,NIFTY_FUT,315,7245,5061,23.0,1.04,0.0299
2026-10-05 09:36:00,NIFTY_FUT,68,1360,945,20.0,1.34,0.142
2026-10-05 09:37:00,NIFTY_FUT,306,9486,7728,31.0,0.51,0.0852
2026-10-05 09:38:00,NIFTY_FUT,314,6908,4973,22.0,1.49,0.2099
2026-10-05 09:39:00,NIFTY_FUT,119,2737,2279,23.0,1.26,0.0518
2026-10-05 09:40:00,NIFTY_FUT,199,6169,4714,31.0,1.7,0.046
2026-10-05 09:41:00,NIFTY_FUT,131,4192,3443,32.0,1.58,0.1906
2026-10-05 09:42:00,NIFTY_FUT,223,4014,3291,18.0,1.36,0.02
2026-10-05 09:43:00,NIFTY_FUT,95,1995,1453,21.0,0.97,0.1345
2026-10-05 09:44:00,NIFTY_FUT,317,6023,4923,19.0,1.56,0.021
2026-10-05 09:45:00,NIFTY_FUT,209,5643,4424,27.0,1.23,0.0511
2026-10-05 09:46:00,NIFTY_FUT,105,1575,1311,15.0,1.11,0.02
2026-10-05 09:47:00,NIFTY_FUT,335,10720,7959,32.0,1.16,0.0927
2026-10-05 09:48:00,NIFTY_FUT,94,2444,1686,26.0,0.59,0.053
2026-10-05 09:49:00,NIFTY_FUT,159,4452,3665,28.0,0.92,0.0334
2026-10-05 09:50:00,NIFTY_FUT,292,4672,3731,16.0,1.02,0.0703
2026-10-05 09:51:00,NIFTY_FUT,394,10638,7012,27.0,2.03,0.0724
2026-10-05 09:52:00,NIFTY_FUT,178,3560,2754,20.0,1.04,0.02
2026-10-05 09:53:00,NIFTY_FUT,265,6095,4199,23.0,1.44,0.1049
2026-10-05 09:54:00,NIFTY_FUT,399,13566,11390,34.0,0.74,0.1745
2026-10-05 09:55:00,NIFTY_FUT,225,4950,3767,22.0,1.29,0.1327
2026-10-05 09:56:00,NIFTY_FUT,75,2400,1648,32.0,1.31,0.3698
2026-10-05 09:57:00,NIFTY_FUT,242,6050,4086,25.0,2.2,0.02
2026-10-05 09:58:00,NIFTY_FUT,102,2856,2049,28.0,1.94,0.2987
2026-10-05 09:59:00,NIFTY_FUT,353,9884,7316,28.0,1.23,0.441
2026-10-05 10:00:00,NIFTY_FUT,240,8160,5626,34.0,1.41,0.0259
2026-10-05 10:01:00,NIFTY_FUT,123,3690,2517,30.0,1.0,0.2825
2026-10-05 10:02:00,NIFTY_FUT,346,11418,7672,33.0,0.68,0.0463
2026-10-05 10:03:00,NIFTY_FUT,185,3515,2608,19.0,1.31,0.0413
2026-10-05 10:04:00,NIFTY_FUT,187,5610,4191,30.0,1.16,0.0287
2026-10-05 10:05:00,NIFTY_FUT,383,8043,6294,21.0,1.74,0.1805
2026-10-05 10:06:00,NIFTY_FUT,141,2961,2060,21.0,1.48,0.02
2026-10-05 10:07:00,NIFTY_FUT,328,10168,6848,31.0,1.01,0.123
2026-10-05 10:08:00,NIFTY_FUT,308,8624,6996,28.0,0.5,0.0811
2026-10-05 10:09:00,NIFTY_FUT,241,6748,4489,28.0,1.25,0.0854
2026-10-05 10:10:00,NIFTY_FUT,71,2059,1630,29.0,1.24,0.02
2026-10-05 10:11:00,NIFTY_FUT,220,3520,2633,16.0,1.5,0.1202
2026-10-05 10:12:00,NIFTY_FUT,329,7238,5189,22.0,1.06,0.086
2026-10-05 10:13:00,NIFTY_FUT,252,4788,3880,19.0,1.74,0.2026
2026-10-05 10:14:00,NIFTY_FUT,283,8773,6003,31.0,1.08,0.0288
2026-10-05 10:15:00,NIFTY_FUT,185,5920,4937,32.0,1.36,0.0357
2026-10-05 10:16:00,NIFTY_FUT,383,7660,5429,20.0,1.38,0.0497
2026-10-05 10:17:00,NIFTY_FUT,82,1558,1216,19.0,0.88,0.02
2026-10-05 10:18:00,NIFTY_FUT,226,6102,4298,27.0,1.26,0.18
2026-10-05 10:19:00,NIFTY_FUT,80,1600,1316,20.0,0.73,0.0264
2026-10-05 10:20:00,NIFTY_FUT,320,7360,6226,23.0,1.07,0.4202
2026-10-05 10:21:00,NIFTY_FUT,305,7625,6437,25.0,0.71,0.4422
2026-10-05 10:22:00,NIFTY_FUT,70,2170,1581,31.0,0.99,0.09
2026-10-05 10:23:00,NIFTY_FUT,207,3519,2666,17.0,1.32,0.0693
2026-10-05 10:24:00,NIFTY_FUT,221,5967,4350,27.0,1.93,0.0698
2026-10-05 10:25:00,NIFTY_FUT,166,4814,3534,29.0,1.29,0.0487
2026-10-05 10:26:00,NIFTY_FUT,124,3100,2307,25.0,1.14,0.2381
2026-10-05 10:27:00,NIFTY_FUT,360,5400,3783,15.0,1.75,0.0376
2026-10-05 10:28:00,NIFTY_FUT,71,1704,1439,24.0,0.69,0.0755
2026-10-05 10:29:00,NIFTY_FUT,314,8792,5982,28.0,1.18,0.0963
2026-10-05 10:30:00,NIFTY_FUT,117,2223,1773,19.0,1.52,0.0574
2026-10-05 10:31:00,NIFTY_FUT,180,4860,3810,27.0,1.57,0.0933
2026-10-05 10:32:00,NIFTY_FUT,235,4700,3624,20.0,0.74,0.109
2026-10-05 10:33:00,NIFTY_FUT,395,12245,10284,31.0,1.0,0.0352
2026-10-05 10:34:00,NIFTY_FUT,303,7878,6080,26.0,0.94,0.02
2026-10-05 10:35:00,NIFTY_FUT,217,3689,2964,17.0,1.46,0.02
2026-10-05 10:36:00,NIFTY_FUT,253,6325,4171,25.0,1.54,0.2376
2026-10-05 10:37:00,NIFTY_FUT,110,2200,1611,20.0,1.02,0.02
2026-10-05 10:38:00,NIFTY_FUT,263,5523,4074,21.0,0.91,0.02
2026-10-05 10:39:00,NIFTY_FUT,151,5134,3343,34.0,1.0,0.02
2026-10-05 10:40:00,NIFTY_FUT,264,4488,3564,17.0,1.48,0.02
2026-10-05 10:41:00,NIFTY_FUT,65,1625,1344,25.0,1.92,0.3116
2026-10-05 10:42:00,NIFTY_FUT,80,1280,851,16.0,1.8,0.1199
2026-10-05 10:43:00,NIFTY_FUT,267,8010,6082,30.0,0.85,0.0818
2026-10-05 10:44:00,NIFTY_FUT,268,7504,5228,28.0,1.52,0.0332
2026-10-05 10:45:00,NIFTY_FUT,212,4452,3759,21.0,1.3,0.4365
2026-10-05 10:46:00,NIFTY_FUT,301,9030,6415,30.0,1.3,0.0394
2026-10-05 10:47:00,NIFTY_FUT,266,7714,6542,29.0,1.81,0.1385
2026-10-05 10:48:00,NIFTY_FUT,178,5162,3586,29.0,1.07,0.0243
2026-10-05 10:49:00,NIFTY_FUT,173,3979,2891,23.0,0.96,0.1191
2026-10-05 10:50:00,NIFTY_FUT,78,2106,1414,27.0,1.27,0.0906
2026-10-05 10:51:00,NIFTY_FUT,229,7328,5466,32.0,1.14,0.02
2026-10-05 10:52:00,NIFTY_FUT,371,9646,8131,26.0,1.47,0.2848
2026-10-05 10:53:00,NIFTY_FUT,149,2980,2080,20.0,1.09,0.064
2026-10-05 10:54:00,NIFTY_FUT,263,7890,6090,30.0,1.82,0.0233
2026-10-05 10:55:00,NIFTY_FUT,114,2052,1533,18.0,1.34,0.0782
2026-10-05 10:56:00,NIFTY_FUT,152,3648,2627,24.0,0.5,0.1253
2026-10-05 10:57:00,NIFTY_FUT,68,1156,849,17.0,0.91,0.0466
2026-10-05 10:58:00,NIFTY_FUT,330,6600,5504,20.0,1.57,0.0437
2026-10-05 10:59:00,NIFTY_FUT,228,4560,3395,20.0,1.22,0.0366
2026-10-05 11:00:00,NIFTY_FUT,250,8500,6785,34.0,1.27,0.1004
2026-10-05 11:01:00,NIFTY_FUT,283,9622,7936,34.0,0.63,0.0625
2026-10-05 11:02:00,NIFTY_FUT,139,3614,2617,26.0,1.16,0.02
2026-10-05 11:03:00,NIFTY_FUT,119,3094,2617,26.0,1.12,0.0971
2026-10-05 11:04:00,NIFTY_FUT,92,1380,1133,15.0,1.18,0.4061
2026-10-05 11:05:00,NIFTY_FUT,332,9296,7458,28.0,1.45,0.1032
2026-10-05 11:06:00,NIFTY_FUT,349,6631,5595,19.0,0.87,0.4731
2026-10-05 11:07:00,NIFTY_FUT,210,3570,2684,17.0,1.08,0.1215
2026-10-05 11:08:00,NIFTY_FUT,245,5635,4065,23.0,1.64,0.1102
2026-10-05 11:09:00,NIFTY_FUT,121,3993,3185,33.0,0.89,0.0797
2026-10-05 11:10:00,NIFTY_FUT,290,5510,3875,19.0,0.91,0.2674
2026-10-05 11:11:00,NIFTY_FUT,330,5610,3780,17.0,1.51,0.0972
2026-10-05 11:12:00,NIFTY_FUT,233,4194,3190,18.0,0.68,0.0697
2026-10-05 11:13:00,NIFTY_FUT,284,9656,8166,34.0,1.86,0.0621
2026-10-05 11:14:00,NIFTY_FUT,124,3224,2569,26.0,1.65,0.0258
2026-10-05 11:15:00,NIFTY_FUT,302,5134,3540,17.0,1.26,0.3164
2026-10-05 11:16:00,NIFTY_FUT,64,1792,1426,28.0,1.31,0.0531
2026-10-05 11:17:00,NIFTY_FUT,148,2664,1856,18.0,1.12,0.0242
2026-10-05 11:18:00,NIFTY_FUT,278,7228,5793,26.0,1.71,0.0655
2026-10-05 11:19:00,NIFTY_FUT,312,7176,4912,23.0,1.0,0.1789
2026-10-05 11:20:00,NIFTY_FUT,337,7414,5680,22.0,1.21,0.1585
2026-10-05 11:21:00,NIFTY_FUT,67,1608,1157,24.0,1.01,0.1877
2026-10-05 11:22:00,NIFTY_FUT,203,4466,3534,22.0,0.95,0.3947
2026-10-05 11:23:00,NIFTY_FUT,304,5776,3935,19.0,1.47,0.1366
2026-10-05 11:24:00,NIFTY_FUT,237,4503,3471,19.0,1.72,0.3182
2026-10-05 11:25:00,NIFTY_FUT,71,1633,1279,23.0,1.44,0.232
2026-10-05 11:26:00,NIFTY_FUT,293,6153,5224,21.0,1.16,0.0564
2026-10-05 11:27:00,NIFTY_FUT,239,4541,3011,19.0,1.84,0.2067
2026-10-05 11:28:00,NIFTY_FUT,371,8904,6700,24.0,1.27,0.0618
2026-10-05 11:29:00,NIFTY_FUT,220,4620,3248,21.0,1.56,0.0994
2026-10-05 11:30:00,NIFTY_FUT,187,3553,2688,19.0,1.04,0.0246
2026-10-05 11:31:00,NIFTY_FUT,70,1190,971,17.0,1.27,0.0395
2026-10-05 11:32:00,NIFTY_FUT,390,12480,10133,32.0,0.68,0.0705
2026-10-05 11:33:00,NIFTY_FUT,349,9423,7381,27.0,0.97,0.2068
2026-10-05 11:34:00,NIFTY_FUT,287,4592,3529,16.0,1.78,0.4269
2026-10-05 11:35:00,NIFTY_FUT,205,4100,3329,20.0,1.0,0.4851
2026-10-05 11:36:00,NIFTY_FUT,318,8904,6025,28.0,1.2,0.1512
2026-10-05 11:37:00,NIFTY_FUT,213,5964,4459,28.0,1.59,0.1992
2026-10-05 11:38:00,NIFTY_FUT,274,9316,7400,34.0,1.08,0.3801
2026-10-05 11:39:00,NIFTY_FUT,168,3192,2483,19.0,1.89,0.0223
2026-10-05 11:40:00,NIFTY_FUT,85,2125,1570,25.0,1.21,0.1892
2026-10-05 11:41:00,NIFTY_FUT,236,8024,6349,34.0,1.22,0.0305
2026-10-05 11:42:00,NIFTY_FUT,174,5394,4188,31.0,1.11,0.0887
2026-10-05 11:43:00,NIFTY_FUT,381,11049,9040,29.0,1.36,0.2351
2026-10-05 11:44:00,NIFTY_FUT,184,4784,4003,26.0,0.93,0.5235
2026-10-05 11:45:00,NIFTY_FUT,150,3900,2721,26.0,1.26,0.1539
2026-10-05 11:46:00,NIFTY_FUT,150,4200,3280,28.0,1.2,0.2155
2026-10-05 11:47:00,NIFTY_FUT,65,1105,927,17.0,1.63,0.2365
2026-10-05 11:48:00,NIFTY_FUT,226,6102,4623,27.0,0.58,0.0378
2026-10-05 11:49:00,NIFTY_FUT,100,1700,1211,17.0,0.8,0.1033
2026-10-05 11:50:00,NIFTY_FUT,57,1596,1144,28.0,0.53,0.2656
2026-10-05 11:51:00,NIFTY_FUT,59,1593,1159,27.0,1.26,0.0705
2026-10-05 11:52:00,NIFTY_FUT,363,7260,5055,20.0,0.98,0.02
2026-10-05 11:53:00,NIFTY_FUT,174,2784,2216,16.0,1.21,0.02
2026-10-05 11:54:00,NIFTY_FUT,180,3600,2924,20.0,1.37,0.02
2026-10-05 11:55:00,NIFTY_FUT,258,4386,2872,17.0,1.32,0.0685
2026-10-05 11:56:00,NIFTY_FUT,192,3840,2869,20.0,1.31,0.0729
2026-10-05 11:57:00,NIFTY_FUT,121,3267,2718,27.0,1.51,0.0631
2026-10-05 11:58:00,NIFTY_FUT,384,10752,7148,28.0,0.61,0.1037
2026-10-05 11:59:00,NIFTY_FUT,138,4002,3150,29.0,1.3,0.1451
2026-10-05 12:00:00,NIFTY_FUT,217,5642,3794,26.0,1.83,0.02
2026-10-05 12:01:00,NIFTY_FUT,103,2678,2071,26.0,1.24,0.02
2026-10-05 12:02:00,NIFTY_FUT,187,4114,3009,22.0,0.92,0.0466
2026-10-05 12:03:00,NIFTY_FUT,70,1610,1167,23.0,0.54,0.0629
2026-10-05 12:04:00,NIFTY_FUT,276,8004,5239,29.0,0.85,0.0441
2026-10-05 12:05:00,NIFTY_FUT,289,6647,4806,23.0,0.61,0.0375
2026-10-05 12:06:00,NIFTY_FUT,160,3680,3095,23.0,1.0,0.0689
2026-10-05 12:07:00,NIFTY_FUT,67,2010,1420,30.0,1.1,0.0835
2026-10-05 12:08:00,NIFTY_FUT,90,2160,1652,24.0,1.44,0.2412
2026-10-05 12:09:00,NIFTY_FUT,121,3993,2938,33.0,1.45,0.0838
2026-10-05 12:10:00,NIFTY_FUT,249,6972,5479,28.0,1.02,0.02
2026-10-05 12:11:00,NIFTY_FUT,386,8106,6454,21.0,1.68,0.2005
2026-10-05 12:12:00,NIFTY_FUT,97,2522,2089,26.0,1.04,0.02
2026-10-05 12:13:00,NIFTY_FUT,103,1648,1383,16.0,1.16,0.247
2026-10-05 12:14:00,NIFTY_FUT,311,10263,8503,33.0,1.29,0.0654
2026-10-05 12:15:00,NIFTY_FUT,254,5080,3724,20.0,1.25,0.0503
2026-10-05 12:16:00,NIFTY_FUT,67,1005,707,15.0,1.78,0.0962
2026-10-05 12:17:00,NIFTY_FUT,155,4805,3604,31.0,0.83,0.2019
2026-10-05 12:18:00,NIFTY_FUT,154,2772,2269,18.0,1.27,0.02
2026-10-05 12:19:00,NIFTY_FUT,236,8024,5248,34.0,0.82,0.051
2026-10-05 12:20:00,NIFTY_FUT,368,12144,10032,33.0,1.44,0.02
2026-10-05 12:21:00,NIFTY_FUT,158,3634,3010,23.0,1.26,0.02
2026-10-05 12:22:00,NIFTY_FUT,245,4410,3241,18.0,1.34,0.1467
2026-10-05 12:23:00,NIFTY_FUT,391,8993,7330,23.0,1.3,0.0559
2026-10-05 12:24:00,NIFTY_FUT,207,4761,3722,23.0,0.93,0.09
2026-10-05 12:25:00,NIFTY_FUT,306,5508,4120,18.0,1.69,0.1016
2026-10-05 12:26:00,NIFTY_FUT,148,3108,2087,21.0,0.5,0.0451
2026-10-05 12:27:00,NIFTY_FUT,57,1026,714,18.0,1.31,0.3542
2026-10-05 12:28:00,NIFTY_FUT,223,3791,2986,17.0,0.96,0.1719
2026-10-05 12:29:00,NIFTY_FUT,131,3275,2730,25.0,1.0,0.1987
2026-10-05 12:30:00,NIFTY_FUT,260,7540,5472,29.0,1.39,0.0899
2026-10-05 12:31:00,NIFTY_FUT,108,2160,1685,20.0,1.09,0.0892
2026-10-05 12:32:00,NIFTY_FUT,110,2090,1658,19.0,0.97,0.1295
2026-10-05 12:33:00,NIFTY_FUT,57,1539,1306,27.0,0.73,0.1266
2026-10-05 12:34:00,NIFTY_FUT,166,2656,1815,16.0,1.03,0.1303
2026-10-05 12:35:00,NIFTY_FUT,100,1900,1469,19.0,2.13,0.1092
2026-10-05 12:36:00,NIFTY_FUT,263,5523,4063,21.0,1.1,0.1405
2026-10-05 12:37:00,NIFTY_FUT,335,6030,4545,18.0,0.94,0.02
2026-10-05 12:38:00,NIFTY_FUT,350,9100,7310,26.0,1.27,0.02
2026-10-05 12:39:00,NIFTY_FUT,344,6536,4454,19.0,1.22,0.111
2026-10-05 12:40:00,NIFTY_FUT,61,1769,1291,29.0,1.54,0.0531
2026-10-05 12:41:00,NIFTY_FUT,370,11100,7370,30.0,1.46,0.0916
2026-10-05 12:42:00,NIFTY_FUT,354,5310,3771,15.0,1.3,0.0699
2026-10-05 12:43:00,NIFTY_FUT,358,7518,5806,21.0,0.81,0.0862
2026-10-05 12:44:00,NIFTY_FUT,227,4086,3119,18.0,1.44,0.02
2026-10-05 12:45:00,NIFTY_FUT,105,2100,1773,20.0,1.15,0.02
2026-10-05 12:46:00,NIFTY_FUT,249,3984,3130,16.0,1.41,0.1984
2026-10-05 12:47:00,NIFTY_FUT,232,5568,3968,24.0,1.41,0.1768
2026-10-05 12:48:00,NIFTY_FUT,58,1334,1003,23.0,0.92,0.1155
2026-10-05 12:49:00,NIFTY_FUT,223,7582,6408,34.0,0.98,0.1056
2026-10-05 12:50:00,NIFTY_FUT,56,952,686,17.0,0.94,0.1544
2026-10-05 12:51:00,NIFTY_FUT,297,6237,4372,21.0,1.54,0.0583
2026-10-05 12:52:00,NIFTY_FUT,123,2337,1933,19.0,1.36,0.104
2026-10-05 12:53:00,NIFTY_FUT,342,6840,5069,20.0,1.81,0.02
2026-10-05 12:54:00,NIFTY_FUT,197,6304,4288,32.0,1.09,0.329
2026-10-05 12:55:00,NIFTY_FUT,100,2100,1633,21.0,1.28,0.1669
2026-10-05 12:56:00,NIFTY_FUT,136,2176,1841,16.0,1.48,0.02
2026-10-05 12:57:00,NIFTY_FUT,168,3192,2264,19.0,1.44,0.0875
2026-10-05 12:58:00,NIFTY_FUT,110,3080,2602,28.0,1.43,0.2519
2026-10-05 12:59:00,NIFTY_FUT,208,7072,5688,34.0,0.88,0.5034
2026-10-05 13:00:00,NIFTY_FUT,249,5229,3644,21.0,1.39,0.0803
2026-10-05 13:01:00,NIFTY_FUT,125,2125,1490,17.0,1.09,0.02
2026-10-05 13:02:00,NIFTY_FUT,337,7077,5698,21.0,0.77,0.0869
2026-10-05 13:03:00,NIFTY_FUT,59,1711,1280,29.0,1.33,0.3802
2026-10-05 13:04:00,NIFTY_FUT,268,8308,5514,31.0,1.15,0.1037
2026-10-05 13:05:00,NIFTY_FUT,228,5016,3915,22.0,0.66,0.02
2026-10-05 13:06:00,NIFTY_FUT,240,5520,4571,23.0,1.11,0.1173
2026-10-05 13:07:00,NIFTY_FUT,375,9000,7140,24.0,1.67,0.02
2026-10-05 13:08:00,NIFTY_FUT,382,9932,7971,26.0,1.26,0.0665
2026-10-05 13:09:00,NIFTY_FUT,278,9452,7785,34.0,0.55,0.15
2026-10-05 13:10:00,NIFTY_FUT,377,7917,5814,21.0,1.36,0.0679
2026-10-05 13:11:00,NIFTY_FUT,53,1060,749,20.0,1.37,0.5239
2026-10-05 13:12:00,NIFTY_FUT,173,5709,4414,33.0,1.18,0.1473
2026-10-05 13:13:00,NIFTY_FUT,181,2715,1844,15.0,0.66,0.02
2026-10-05 13:14:00,NIFTY_FUT,313,6573,4771,21.0,0.9,0.1068
2026-10-05 13:15:00,NIFTY_FUT,60,1560,1237,26.0,0.64,0.0868
2026-10-05 13:16:00,NIFTY_FUT,203,5278,4274,26.0,0.93,0.1061
2026-10-05 13:17:00,NIFTY_FUT,234,6318,4761,27.0,1.34,0.02
2026-10-05 13:18:00,NIFTY_FUT,100,2700,2207,27.0,1.53,0.2957
2026-10-05 13:19:00,NIFTY_FUT,313,7825,6639,25.0,1.81,0.02
2026-10-05 13:20:00,NIFTY_FUT,305,8845,6845,29.0,1.94,0.2768
2026-10-05 13:21:00,NIFTY_FUT,387,10062,8384,26.0,1.22,0.0495
2026-10-05 13:22:00,NIFTY_FUT,348,8004,6582,23.0,1.14,0.0563
2026-10-05 13:23:00,NIFTY_FUT,238,7616,6099,32.0,0.99,0.0561
2026-10-05 13:24:00,NIFTY_FUT,218,7194,5256,33.0,0.84,0.1438
2026-10-05 13:25:00,NIFTY_FUT,137,3014,2332,22.0,1.04,0.2513
2026-10-05 13:26:00,NIFTY_FUT,377,7917,5181,21.0,1.21,0.0323
2026-10-05 13:27:00,NIFTY_FUT,276,8556,6590,31.0,0.84,0.1231
2026-10-05 13:28:00,NIFTY_FUT,233,4194,2783,18.0,0.73,0.0671
2026-10-05 13:29:00,NIFTY_FUT,56,1232,947,22.0,1.48,0.02
2026-10-05 13:30:00,NIFTY_FUT,146,4526,3654,31.0,0.5,0.02
2026-10-05 13:31:00,NIFTY_FUT,236,7552,6174,32.0,1.43,0.02
2026-10-05 13:32:00,NIFTY_FUT,263,5523,4036,21.0,1.14,0.2196
2026-10-05 13:33:00,NIFTY_FUT,229,6183,4631,27.0,1.68,0.02
2026-10-05 13:34:00,NIFTY_FUT,113,2034,1413,18.0,1.75,0.0658
2026-10-05 13:35:00,NIFTY_FUT,81,2430,1870,30.0,1.04,0.3276
2026-10-05 13:36:00,NIFTY_FUT,363,11979,9383,33.0,1.13,0.0361
2026-10-05 13:37:00,NIFTY_FUT,352,11968,8717,34.0,1.39,0.0937
2026-10-05 13:38:00,NIFTY_FUT,126,2394,1595,19.0,0.5,0.045
2026-10-05 13:39:00,NIFTY_FUT,158,4582,3078,29.0,1.38,0.0409
2026-10-05 13:40:00,NIFTY_FUT,98,2940,2153,30.0,1.1,0.1037
2026-10-05 13:41:00,NIFTY_FUT,155,4960,4152,32.0,1.42,0.2625
2026-10-05 13:42:00,NIFTY_FUT,327,7848,6662,24.0,1.69,0.1114
2026-10-05 13:43:00,NIFTY_FUT,261,5220,4038,20.0,1.28,0.0452
2026-10-05 13:44:00,NIFTY_FUT,207,4554,3795,22.0,1.63,0.1022
2026-10-05 13:45:00,NIFTY_FUT,172,4988,3764,29.0,1.6,0.0258
2026-10-05 13:46:00,NIFTY_FUT,282,5358,3530,19.0,0.99,0.0445
2026-10-05 13:47:00,NIFTY_FUT,150,3000,1969,20.0,0.63,0.0577
2026-10-05 13:48:00,NIFTY_FUT,166,3320,2250,20.0,1.35,0.02
2026-10-05 13:49:00,NIFTY_FUT,123,3444,2685,28.0,1.48,0.0824
2026-10-05 13:50:00,NIFTY_FUT,198,3762,2565,19.0,1.27,0.2155
2026-10-05 13:51:00,NIFTY_FUT,248,6696,4367,27.0,0.96,0.146
2026-10-05 13:52:00,NIFTY_FUT,370,8510,6552,23.0,1.78,0.0477
2026-10-05 13:53:00,NIFTY_FUT,80,2720,2184,34.0,1.34,0.0935
2026-10-05 13:54:00,NIFTY_FUT,146,2190,1568,15.0,0.7,0.2365
2026-10-05 13:55:00,NIFTY_FUT,101,3434,2845,34.0,1.04,0.1463
2026-10-05 13:56:00,NIFTY_FUT,227,5902,4400,26.0,1.04,0.02
2026-10-05 13:57:00,NIFTY_FUT,308,9548,6447,31.0,1.56,0.2468
2026-10-05 13:58:00,NIFTY_FUT,149,3576,2955,24.0,1.39,0.5154
2026-10-05 13:59:00,NIFTY_FUT,129,2838,2237,22.0,1.38,0.02
2026-10-05 14:00:00,NIFTY_FUT,161,4669,3443,29.0,1.98,0.1169
2026-10-05 14:01:00,NIFTY_FUT,214,4066,3156,19.0,1.03,0.0308
2026-10-05 14:02:00,NIFTY_FUT,60,1380,1111,23.0,1.43,0.1642
2026-10-05 14:03:00,NIFTY_FUT,216,3240,2272,15.0,1.8,0.02
2026-10-05 14:04:00,NIFTY_FUT,359,5385,3709,15.0,1.53,0.1153
2026-10-05 14:05:00,NIFTY_FUT,263,5786,4550,22.0,1.32,0.0989
2026-10-05 14:06:00,NIFTY_FUT,299,8970,7541,30.0,0.66,0.0683
2026-10-05 14:07:00,NIFTY_FUT,150,4050,3209,27.0,0.81,0.0744
2026-10-05 14:08:00,NIFTY_FUT,189,6426,5283,34.0,0.78,0.02
2026-10-05 14:09:00,NIFTY_FUT,208,5408,4294,26.0,1.86,0.1218
2026-10-05 14:10:00,NIFTY_FUT,104,2288,1626,22.0,0.99,0.1329
2026-10-05 14:11:00,NIFTY_FUT,328,11152,8250,34.0,0.84,0.0317
2026-10-05 14:12:00,NIFTY_FUT,222,4662,3714,21.0,1.16,0.2555
2026-10-05 14:13:00,NIFTY_FUT,69,1794,1333,26.0,1.91,0.111
2026-10-05 14:14:00,NIFTY_FUT,211,4642,3693,22.0,0.93,0.0922
2026-10-05 14:15:00,NIFTY_FUT,72,2448,2060,34.0,1.45,0.0884
2026-10-05 14:16:00,NIFTY_FUT,395,9875,6550,25.0,1.46,0.02
2026-10-05 14:17:00,NIFTY_FUT,105,2100,1392,20.0,1.15,0.2565
2026-10-05 14:18:00,NIFTY_FUT,135,3510,2371,26.0,1.28,0.075
2026-10-05 14:19:00,NIFTY_FUT,229,4351,3237,19.0,1.19,0.02
2026-10-05 14:20:00,NIFTY_FUT,385,6160,4104,16.0,0.61,0.4652
2026-10-05 14:21:00,NIFTY_FUT,105,3255,2196,31.0,1.22,0.1206
2026-10-05 14:22:00,NIFTY_FUT,249,7719,5347,31.0,1.32,0.149
2026-10-05 14:23:00,NIFTY_FUT,369,8856,6520,24.0,1.04,0.1577
2026-10-05 14:24:00,NIFTY_FUT,108,3456,2811,32.0,0.7,0.2004
2026-10-05 14:25:00,NIFTY_FUT,196,5488,3628,28.0,1.12,0.02
2026-10-05 14:26:00,NIFTY_FUT,320,8000,6014,25.0,1.34,0.18
2026-10-05 14:27:00,NIFTY_FUT,109,2289,1551,21.0,1.48,0.02
2026-10-05 14:28:00,NIFTY_FUT,320,9280,6556,29.0,1.66,0.1315
2026-10-05 14:29:00,NIFTY_FUT,165,2640,2216,16.0,0.84,0.0834
2026-10-05 14:30:00,NIFTY_FUT,224,6496,5116,29.0,0.5,0.0388
2026-10-05 14:31:00,NIFTY_FUT,142,4260,3057,30.0,0.81,0.259
2026-10-05 14:32:00,NIFTY_FUT,224,3584,2961,16.0,1.41,0.1991
2026-10-05 14:33:00,NIFTY_FUT,395,9480,6985,24.0,1.26,0.1457
2026-10-05 14:34:00,NIFTY_FUT,172,3956,3268,23.0,1.36,0.02
2026-10-05 14:35:00,NIFTY_FUT,305,8540,6742,28.0,0.82,0.02
2026-10-05 14:36:00,NIFTY_FUT,69,1173,811,17.0,0.74,0.1551
2026-10-05 14:37:00,NIFTY_FUT,228,4104,2842,18.0,1.39,0.0734
2026-10-05 14:38:00,NIFTY_FUT,282,6204,4709,22.0,1.65,0.02
2026-10-05 14:39:00,NIFTY_FUT,318,10176,6942,32.0,0.99,0.2191
2026-10-05 14:40:00,NIFTY_FUT,186,5208,3758,28.0,1.4,0.02
2026-10-05 14:41:00,NIFTY_FUT,383,10724,8700,28.0,1.81,0.118
2026-10-05 14:42:00,NIFTY_FUT,67,2144,1593,32.0,0.77,0.0885
2026-10-05 14:43:00,NIFTY_FUT,65,1820,1416,28.0,1.74,0.0625
2026-10-05 14:44:00,NIFTY_FUT,300,7200,5438,24.0,1.15,0.2454
2026-10-05 14:45:00,NIFTY_FUT,221,4199,2947,19.0,1.01,0.1148
2026-10-05 14:46:00,NIFTY_FUT,93,2511,2049,27.0,1.7,0.1739
2026-10-05 14:47:00,NIFTY_FUT,87,2175,1493,25.0,1.26,0.0469
2026-10-05 14:48:00,NIFTY_FUT,298,8344,6811,28.0,1.84,0.02
2026-10-05 14:49:00,NIFTY_FUT,384,7680,5299,20.0,2.21,0.0436
2026-10-05 14:50:00,NIFTY_FUT,210,5250,3981,25.0,1.3,0.3341
2026-10-05 14:51:00,NIFTY_FUT,103,2575,2003,25.0,1.59,0.0302
2026-10-05 14:52:00,NIFTY_FUT,164,3772,2797,23.0,1.43,0.02
2026-10-05 14:53:00,NIFTY_FUT,306,7344,4789,24.0,0.96,0.1197
2026-10-05 14:54:00,NIFTY_FUT,101,2929,2278,29.0,0.85,0.1071
2026-10-05 14:55:00,NIFTY_FUT,345,10005,8392,29.0,1.66,0.4833
2026-10-05 14:56:00,NIFTY_FUT,212,5512,4247,26.0,1.39,0.1977
2026-10-05 14:57:00,NIFTY_FUT,377,10179,7972,27.0,1.32,0.1769
2026-10-05 14:58:00,NIFTY_FUT,299,5980,3913,20.0,1.19,0.2024
2026-10-05 14:59:00,NIFTY_FUT,190,5320,3871,28.0,2.29,0.1524
2026-10-05 15:00:00,NIFTY_FUT,258,7998,6003,31.0,0.54,0.1113
2026-10-05 15:01:00,NIFTY_FUT,110,1650,1335,15.0,1.09,0.1231
2026-10-05 15:02:00,NIFTY_FUT,73,1314,1077,18.0,1.18,0.2505
2026-10-05 15:03:00,NIFTY_FUT,126,2520,1684,20.0,1.16,0.1137
2026-10-05 15:04:00,NIFTY_FUT,122,2928,2090,24.0,0.71,0.1041
2026-10-05 15:05:00,NIFTY_FUT,224,4480,3212,20.0,1.84,0.0466
2026-10-05 15:06:00,NIFTY_FUT,251,5020,3777,20.0,0.83,0.02
2026-10-05 15:07:00,NIFTY_FUT,365,11680,7851,32.0,1.48,0.0748
2026-10-05 15:08:00,NIFTY_FUT,274,6302,4327,23.0,0.91,0.2049
2026-10-05 15:09:00,NIFTY_FUT,329,8225,6373,25.0,1.07,0.0941
2026-10-05 15:10:00,NIFTY_FUT,97,1455,1128,15.0,2.18,0.0714
2026-10-05 15:11:00,NIFTY_FUT,138,3726,3085,27.0,0.59,0.1281
2026-10-05 15:12:00,NIFTY_FUT,397,8337,6753,21.0,0.58,0.0826
2026-10-05 15:13:00,NIFTY_FUT,149,4023,2640,27.0,0.95,0.2031
2026-10-05 15:14:00,NIFTY_FUT,387,13158,9548,34.0,1.53,0.362
2026-10-05 15:15:00,NIFTY_FUT,310,7440,5002,24.0,1.06,0.0495
2026-10-05 15:16:00,NIFTY_FUT,394,11426,9059,29.0,1.57,0.25
2026-10-05 15:17:00,NIFTY_FUT,301,6622,4312,22.0,1.73,0.1317
2026-10-05 15:18:00,NIFTY_FUT,159,4770,4018,30.0,1.34,0.1772
2026-10-05 15:19:00,NIFTY_FUT,188,5452,3970,29.0,1.04,0.021
2026-10-05 15:20:00,NIFTY_FUT,178,5696,4027,32.0,1.43,0.2035
2026-10-05 15:21:00,NIFTY_FUT,63,1197,984,19.0,1.16,0.4351
2026-10-05 15:22:00,NIFTY_FUT,129,4257,3174,33.0,1.18,0.0502
2026-10-05 15:23:00,NIFTY_FUT,223,3568,2582,16.0,1.32,0.0451
2026-10-05 15:24:00,NIFTY_FUT,133,4123,3264,31.0,1.04,0.0872
2026-10-05 15:25:00,NIFTY_FUT,234,5616,3665,24.0,1.08,0.0407
2026-10-05 15:26:00,NIFTY_FUT,131,2620,2025,20.0,1.02,0.0244
2026-10-05 15:27:00,NIFTY_FUT,339,10170,7895,30.0,1.22,0.0524
2026-10-05 15:28:00,NIFTY_FUT,312,9360,7296,30.0,1.72,0.02
2026-10-05 15:29:00,NIFTY_FUT,287,5166,3498,18.0,1.18,0.0868
2026-10-05 15:30:00,NIFTY_FUT,336,9744,8121,29.0,1.48,0.2633
