HH_ID,Individual_ID,Age,Gender,Education_Years,Employment_Status,Annual_Income_INR,Monthly_Consumption_INR,Sector
HH1001,HH1001_1,28,Male,7,Employed,426827,326014,Urban
HH1001,HH1001_2,41,Male,5,Self-Employed,381252,285408,Urban
HH1001,HH1001_3,28,Male,5,Employed,337412,258519,Urban
HH1001,HH1001_4,45,Male,11,Self-Employed,483636,363934,Urban
HH1002,HH1002_1,45,Female,8,Unemployed,0,41093,Rural
HH1002,HH1002_2,47,Female,13,Not in Labor Force,0,54077,Rural
HH1003,HH1003_1,18,Male,7,Employed,409668,308343,Urban
HH1003,HH1003_2,46,Male,12,Self-Employed,440869,331091,Urban
HH1003,HH1003_3,18,Male,18,Employed,775861,567300,Urban
HH1003,HH1003_4,40,Female,7,Employed,407965,308248,Urban
HH1004,HH1004_1,32,Female,5,Self-Employed,363317,275655,Urban
HH1004,HH1004_2,47,Female,8,Employed,407862,304843,Urban
HH1005,HH1005_1,31,Female,15,Employed,648362,477836,Urban
HH1005,HH1005_2,33,Male,6,Self-Employed,318049,252448,Urban
HH1005,HH1005_3,47,Male,9,Employed,523502,384425,Urban
HH1006,HH1006_1,38,Male,8,Self-Employed,271423,208443,Rural
HH1006,HH1006_2,37,Female,8,Employed,326581,252830,Rural
HH1006,HH1006_3,32,Female,10,Employed,513720,385736,Rural
HH1007,HH1007_1,24,Female,11,Unemployed,0,30393,Urban
HH1007,HH1007_2,20,Female,6,Self-Employed,347870,250096,Urban
HH1008,HH1008_1,24,Female,9,Self-Employed,646878,478017,Urban
HH1008,HH1008_2,43,Male,10,Employed,477438,351853,Urban
HH1008,HH1008_3,20,Female,1,Unemployed,0,48821,Urban
HH1009,HH1009_1,31,Male,6,Unemployed,0,46165,Urban
HH1009,HH1009_2,51,Female,10,Self-Employed,507243,382717,Urban
HH1009,HH1009_3,39,Male,4,Self-Employed,329941,238660,Urban
HH1010,HH1010_1,27,Female,7,Not in Labor Force,0,31265,Urban
HH1010,HH1010_2,41,Male,4,Employed,262638,208136,Urban
HH1011,HH1011_1,41,Male,15,Self-Employed,669259,490448,Rural
HH1011,HH1011_2,37,Female,11,Employed,561761,416066,Rural
HH1011,HH1011_3,18,Female,12,Self-Employed,509706,374926,Rural
HH1011,HH1011_4,71,Female,7,Self-Employed,368209,279677,Rural
HH1012,HH1012_1,37,Male,13,Employed,599720,434256,Urban
HH1012,HH1012_2,46,Female,19,Employed,989349,718358,Urban
HH1012,HH1012_3,64,Male,16,Employed,720442,524022,Urban
HH1012,HH1012_4,30,Male,9,Unemployed,0,41777,Urban
HH1013,HH1013_1,47,Female,11,Not in Labor Force,50000,61949,Rural
HH1013,HH1013_2,25,Male,7,Employed,367783,272734,Rural
HH1014,HH1014_1,37,Female,11,Self-Employed,394958,299878,Urban
HH1014,HH1014_2,39,Male,15,Employed,821120,597786,Urban
HH1015,HH1015_1,46,Male,2,Employed,384970,285160,Urban
HH1015,HH1015_2,39,Female,7,Employed,463338,350175,Urban
HH1015,HH1015_3,45,Female,13,Employed,718547,529620,Urban
HH1016,HH1016_1,44,Female,6,Unemployed,0,50143,Urban
HH1016,HH1016_2,33,Male,16,Employed,769098,562509,Urban
HH1016,HH1016_3,24,Female,10,Employed,465151,353539,Urban
HH1016,HH1016_4,38,Male,9,Not in Labor Force,50000,53341,Urban
HH1017,HH1017_1,63,Male,10,Employed,557705,413977,Rural
HH1017,HH1017_2,23,Male,6,Unemployed,0,26336,Rural
HH1017,HH1017_3,18,Female,0,Not in Labor Force,0,18871,Rural
HH1018,HH1018_1,54,Male,15,Self-Employed,783191,571745,Urban
HH1019,HH1019_1,50,Female,13,Employed,594614,441461,Urban
HH1019,HH1019_2,52,Female,3,Self-Employed,270295,203575,Urban
HH1020,HH1020_1,52,Male,9,Employed,614156,454722,Urban
HH1020,HH1020_2,41,Male,5,Not in Labor Force,0,30042,Urban
HH1021,HH1021_1,18,Female,11,Self-Employed,368721,284410,Urban
HH1021,HH1021_2,32,Female,11,Not in Labor Force,0,43915,Urban
HH1022,HH1022_1,37,Male,12,Self-Employed,700795,515603,Urban
HH1022,HH1022_2,74,Male,8,Self-Employed,321785,247328,Urban
HH1023,HH1023_1,36,Male,9,Not in Labor Force,50000,61031,Urban
HH1023,HH1023_2,26,Male,11,Not in Labor Force,50000,56729,Urban
HH1023,HH1023_3,25,Male,5,Employed,270905,208925,Urban
HH1024,HH1024_1,47,Female,15,Employed,802014,575033,Rural
HH1024,HH1024_2,31,Female,10,Not in Labor Force,0,53524,Rural
HH1025,HH1025_1,37,Male,12,Employed,603941,441488,Urban
HH1026,HH1026_1,35,Female,11,Self-Employed,629372,458520,Rural
HH1026,HH1026_2,49,Male,17,Not in Labor Force,0,35191,Rural
HH1027,HH1027_1,23,Female,9,Not in Labor Force,0,37202,Urban
HH1027,HH1027_2,24,Male,10,Self-Employed,349446,261022,Urban
HH1027,HH1027_3,25,Male,13,Self-Employed,602096,437516,Urban
HH1027,HH1027_4,64,Female,12,Self-Employed,535197,396533,Urban
HH1028,HH1028_1,66,Male,9,Employed,456047,336229,Rural
HH1028,HH1028_2,66,Male,8,Self-Employed,559359,408444,Rural
HH1029,HH1029_1,49,Female,8,Self-Employed,385056,281363,Urban
HH1030,HH1030_1,27,Female,10,Employed,395456,299283,Rural
HH1030,HH1030_2,49,Female,15,Employed,638459,466678,Rural
HH1030,HH1030_3,44,Female,9,Self-Employed,485690,363624,Rural
HH1030,HH1030_4,25,Male,10,Not in Labor Force,0,42474,Rural
HH1031,HH1031_1,49,Female,5,Self-Employed,286082,216752,Urban
HH1031,HH1031_2,32,Male,8,Self-Employed,481746,348614,Urban
HH1032,HH1032_1,50,Male,6,Self-Employed,286200,222860,Urban
HH1032,HH1032_2,30,Female,9,Not in Labor Force,50000,55382,Urban
HH1033,HH1033_1,35,Male,3,Not in Labor Force,50000,57613,Urban
HH1033,HH1033_2,61,Male,5,Not in Labor Force,50000,48105,Urban
HH1034,HH1034_1,32,Female,12,Employed,720867,525784,Urban
HH1034,HH1034_2,23,Female,12,Employed,535507,385070,Urban
HH1034,HH1034_3,42,Male,11,Self-Employed,503758,373097,Urban
HH1035,HH1035_1,38,Female,7,Unemployed,0,33736,Urban
HH1035,HH1035_2,73,Female,14,Employed,549315,402325,Urban
HH1036,HH1036_1,38,Female,8,Unemployed,0,38660,Rural
HH1036,HH1036_2,46,Male,12,Employed,562080,415715,Rural
HH1036,HH1036_3,34,Male,10,Self-Employed,526547,386142,Rural
HH1036,HH1036_4,39,Female,14,Employed,651420,471968,Rural
HH1037,HH1037_1,18,Female,13,Unemployed,0,31506,Rural
HH1037,HH1037_2,29,Male,12,Unemployed,0,43212,Rural
HH1037,HH1037_3,41,Female,12,Employed,695351,509575,Rural
HH1038,HH1038_1,35,Female,7,Self-Employed,299990,227833,Urban
HH1039,HH1039_1,51,Female,9,Not in Labor Force,50000,51255,Urban
HH1039,HH1039_2,18,Female,13,Self-Employed,584101,427177,Urban
HH1039,HH1039_3,50,Male,8,Self-Employed,492824,364748,Urban
HH1040,HH1040_1,27,Male,3,Employed,201530,158804,Urban
HH1040,HH1040_2,34,Male,11,Employed,490938,352441,Urban
HH1040,HH1040_3,32,Female,9,Self-Employed,395138,301277,Urban
HH1040,HH1040_4,44,Female,10,Self-Employed,481760,357153,Urban
HH1041,HH1041_1,53,Male,8,Self-Employed,544313,404145,Rural
HH1041,HH1041_2,21,Male,12,Employed,508517,375356,Rural
HH1042,HH1042_1,43,Male,3,Employed,172529,144315,Rural
HH1042,HH1042_2,34,Female,10,Unemployed,0,49774,Rural
HH1043,HH1043_1,41,Male,8,Self-Employed,392156,288493,Rural
HH1043,HH1043_2,34,Male,9,Unemployed,0,44278,Rural
HH1044,HH1044_1,38,Female,10,Employed,568917,420879,Urban
HH1044,HH1044_2,48,Female,8,Employed,575972,426398,Urban
HH1044,HH1044_3,48,Female,9,Not in Labor Force,0,40253,Urban
HH1045,HH1045_1,19,Male,3,Employed,255469,192398,Urban
HH1045,HH1045_2,59,Male,4,Employed,246984,192985,Urban
HH1046,HH1046_1,27,Male,8,Employed,395828,298933,Urban
HH1046,HH1046_2,43,Male,8,Employed,367683,287690,Urban
HH1047,HH1047_1,24,Male,11,Self-Employed,494542,363286,Rural
HH1047,HH1047_2,18,Female,13,Self-Employed,564861,404359,Rural
HH1047,HH1047_3,31,Female,10,Self-Employed,491497,361416,Rural
HH1048,HH1048_1,37,Female,3,Not in Labor Force,50000,57744,Urban
HH1048,HH1048_2,21,Female,8,Not in Labor Force,50000,56083,Urban
HH1048,HH1048_3,39,Male,18,Unemployed,0,25440,Urban
HH1049,HH1049_1,52,Female,10,Self-Employed,634475,476277,Rural
HH1050,HH1050_1,42,Male,6,Employed,273337,211911,Rural
HH1050,HH1050_2,70,Female,0,Self-Employed,45591,54259,Rural
HH1051,HH1051_1,28,Male,7,Self-Employed,394927,297181,Urban
HH1051,HH1051_2,26,Male,12,Self-Employed,595666,436499,Urban
HH1051,HH1051_3,41,Male,4,Not in Labor Force,0,31723,Urban
HH1051,HH1051_4,37,Male,14,Employed,786710,572819,Urban
HH1052,HH1052_1,50,Male,13,Employed,469488,346484,Urban
HH1053,HH1053_1,18,Female,0,Employed,240969,185362,Rural
HH1053,HH1053_2,18,Male,1,Not in Labor Force,0,37295,Rural
HH1054,HH1054_1,54,Male,7,Employed,418803,308030,Rural
HH1054,HH1054_2,21,Male,12,Self-Employed,664596,487465,Rural
HH1055,HH1055_1,54,Female,6,Employed,430687,318793,Urban
HH1055,HH1055_2,65,Female,10,Self-Employed,539703,394083,Urban
HH1055,HH1055_3,44,Female,7,Employed,467859,337143,Urban
HH1056,HH1056_1,34,Female,6,Self-Employed,328280,251566,Rural
HH1056,HH1056_2,21,Male,5,Employed,366719,281669,Rural
HH1056,HH1056_3,46,Female,12,Employed,465099,341943,Rural
HH1057,HH1057_1,46,Female,9,Not in Labor Force,50000,54175,Rural
HH1057,HH1057_2,39,Male,11,Unemployed,0,31500,Rural
HH1058,HH1058_1,28,Male,11,Employed,481641,352225,Rural
HH1058,HH1058_2,23,Female,9,Self-Employed,479893,360080,Rural
HH1059,HH1059_1,61,Male,8,Employed,541248,393825,Rural
HH1059,HH1059_2,37,Female,12,Employed,791963,571626,Rural
HH1059,HH1059_3,45,Female,17,Employed,829622,592109,Rural
HH1059,HH1059_4,35,Male,19,Unemployed,0,50572,Rural
HH1060,HH1060_1,36,Male,11,Self-Employed,320424,245120,Rural
HH1060,HH1060_2,57,Female,17,Employed,626323,467455,Rural
HH1060,HH1060_3,40,Male,14,Employed,738888,536311,Rural
HH1061,HH1061_1,32,Male,8,Self-Employed,433280,327555,Rural
HH1061,HH1061_2,28,Male,16,Self-Employed,774463,559361,Rural
HH1061,HH1061_3,27,Male,15,Employed,748010,542779,Rural
HH1062,HH1062_1,69,Female,6,Employed,348963,266221,Urban
HH1062,HH1062_2,52,Male,11,Unemployed,0,40467,Urban
HH1062,HH1062_3,32,Female,5,Self-Employed,418390,318038,Urban
HH1063,HH1063_1,53,Male,5,Employed,291335,230507,Urban
HH1063,HH1063_2,27,Female,10,Not in Labor Force,50000,49880,Urban
HH1063,HH1063_3,54,Male,8,Employed,416769,317891,Urban
HH1064,HH1064_1,29,Male,6,Employed,337396,254985,Rural
HH1064,HH1064_2,36,Male,11,Self-Employed,636144,473893,Rural
HH1065,HH1065_1,37,Female,3,Self-Employed,253386,191070,Rural
HH1065,HH1065_2,34,Female,6,Not in Labor Force,0,39552,Rural
HH1065,HH1065_3,43,Male,9,Not in Labor Force,50000,53049,Rural
HH1066,HH1066_1,29,Female,13,Employed,550237,415633,Rural
HH1067,HH1067_1,52,Male,1,Not in Labor Force,50000,66505,Urban
HH1067,HH1067_2,63,Male,5,Not in Labor Force,50000,55052,Urban
HH1067,HH1067_3,25,Male,10,Employed,666288,488521,Urban
HH1068,HH1068_1,40,Male,18,Unemployed,0,51282,Urban
HH1068,HH1068_2,18,Female,14,Self-Employed,753257,540140,Urban
HH1068,HH1068_3,27,Female,11,Not in Labor Force,50000,47765,Urban
HH1068,HH1068_4,34,Male,6,Self-Employed,441727,324246,Urban
HH1069,HH1069_1,30,Female,16,Employed,561318,416255,Urban
HH1069,HH1069_2,49,Male,13,Employed,494999,370282,Urban
HH1070,HH1070_1,53,Female,11,Employed,557409,409746,Rural
HH1071,HH1071_1,55,Female,11,Employed,430774,326198,Urban
HH1071,HH1071_2,18,Female,8,Self-Employed,393791,297992,Urban
HH1071,HH1071_3,33,Female,7,Employed,491097,367604,Urban
HH1072,HH1072_1,58,Male,8,Employed,535534,403802,Rural
HH1072,HH1072_2,42,Male,5,Self-Employed,417427,310227,Rural
HH1073,HH1073_1,39,Female,11,Not in Labor Force,50000,50055,Rural
HH1073,HH1073_2,18,Male,3,Not in Labor Force,50000,43398,Rural
HH1074,HH1074_1,65,Female,12,Employed,590771,427213,Urban
HH1075,HH1075_1,53,Male,4,Self-Employed,349179,272284,Rural
HH1075,HH1075_2,40,Male,9,Not in Labor Force,50000,57607,Rural
HH1075,HH1075_3,51,Male,8,Unemployed,0,42773,Rural
HH1076,HH1076_1,41,Male,8,Not in Labor Force,0,44770,Rural
HH1076,HH1076_2,51,Female,14,Not in Labor Force,0,60824,Rural
HH1076,HH1076_3,46,Male,8,Employed,517394,384003,Rural
HH1077,HH1077_1,50,Female,7,Employed,416362,309360,Urban
HH1077,HH1077_2,52,Male,0,Not in Labor Force,0,35095,Urban
HH1078,HH1078_1,29,Female,12,Self-Employed,481571,350774,Urban
HH1078,HH1078_2,49,Male,8,Unemployed,0,44913,Urban
HH1079,HH1079_1,42,Male,4,Employed,414067,311383,Urban
HH1079,HH1079_2,58,Female,9,Not in Labor Force,0,23223,Urban
HH1080,HH1080_1,25,Female,11,Not in Labor Force,0,32385,Urban
HH1080,HH1080_2,21,Female,11,Self-Employed,461019,347742,Urban
HH1080,HH1080_3,21,Male,9,Employed,716835,520220,Urban
HH1081,HH1081_1,30,Male,1,Employed,204726,162915,Rural
HH1081,HH1081_2,55,Male,18,Employed,680213,493666,Rural
HH1081,HH1081_3,59,Female,14,Employed,547492,400071,Rural
HH1082,HH1082_1,18,Female,4,Self-Employed,332459,246906,Urban
HH1082,HH1082_2,42,Female,7,Employed,400140,299108,Urban
HH1083,HH1083_1,43,Female,13,Employed,494834,359605,Urban
HH1084,HH1084_1,51,Male,14,Employed,664597,485426,Rural
HH1084,HH1084_2,37,Male,8,Employed,357660,262943,Rural
HH1084,HH1084_3,25,Female,10,Employed,551106,399397,Rural
HH1085,HH1085_1,60,Male,9,Not in Labor Force,50000,60923,Rural
HH1085,HH1085_2,27,Male,15,Self-Employed,708949,510514,Rural
HH1085,HH1085_3,48,Female,9,Employed,501090,369182,Rural
HH1086,HH1086_1,27,Female,4,Not in Labor Force,0,38325,Rural
HH1086,HH1086_2,22,Female,10,Unemployed,0,24838,Rural
HH1086,HH1086_3,49,Female,11,Self-Employed,439922,336752,Rural
HH1086,HH1086_4,28,Male,3,Self-Employed,266067,204303,Rural
HH1087,HH1087_1,73,Female,11,Employed,518257,388123,Urban
HH1087,HH1087_2,49,Female,7,Self-Employed,491766,358465,Urban
HH1088,HH1088_1,55,Male,1,Employed,84108,77483,Urban
HH1088,HH1088_2,32,Male,13,Employed,442053,331419,Urban
HH1088,HH1088_3,41,Male,12,Employed,481613,358167,Urban
HH1088,HH1088_4,42,Female,7,Self-Employed,304759,229073,Urban
HH1089,HH1089_1,34,Male,11,Employed,545865,401650,Urban
HH1089,HH1089_2,47,Female,13,Employed,528516,392318,Urban
HH1089,HH1089_3,38,Female,19,Self-Employed,744769,539009,Urban
HH1090,HH1090_1,50,Male,9,Self-Employed,558361,412003,Rural
HH1090,HH1090_2,38,Male,17,Employed,905170,656089,Rural
HH1090,HH1090_3,29,Male,8,Self-Employed,480058,343276,Rural
HH1091,HH1091_1,40,Male,2,Employed,302721,230600,Urban
HH1091,HH1091_2,18,Male,14,Self-Employed,702611,510994,Urban
HH1091,HH1091_3,32,Male,10,Self-Employed,546339,399913,Urban
HH1092,HH1092_1,29,Male,13,Self-Employed,580248,422691,Urban
HH1092,HH1092_2,20,Male,17,Employed,802960,583712,Urban
HH1092,HH1092_3,33,Female,4,Employed,175207,136104,Urban
HH1093,HH1093_1,20,Male,5,Self-Employed,394719,290640,Rural
HH1093,HH1093_2,45,Male,6,Self-Employed,345208,260856,Rural
HH1094,HH1094_1,39,Female,7,Self-Employed,440394,333817,Urban
HH1094,HH1094_2,40,Female,12,Self-Employed,538283,392865,Urban
HH1095,HH1095_1,47,Female,12,Employed,543075,400047,Urban
HH1095,HH1095_2,18,Female,11,Unemployed,0,31939,Urban
HH1096,HH1096_1,41,Female,11,Self-Employed,667232,485825,Rural
HH1096,HH1096_2,18,Male,7,Not in Labor Force,50000,60695,Rural
HH1096,HH1096_3,33,Female,8,Employed,447733,334304,Rural
HH1097,HH1097_1,36,Female,11,Employed,562926,412739,Rural
HH1097,HH1097_2,68,Male,13,Self-Employed,703264,505529,Rural
HH1097,HH1097_3,60,Female,11,Self-Employed,439401,334936,Rural
HH1098,HH1098_1,28,Female,8,Unemployed,0,35966,Urban
HH1098,HH1098_2,43,Male,8,Employed,556894,402513,Urban
HH1098,HH1098_3,56,Female,9,Employed,364343,272870,Urban
HH1099,HH1099_1,22,Male,16,Employed,693511,495257,Urban
HH1099,HH1099_2,34,Female,9,Employed,374530,291139,Urban
HH1099,HH1099_3,25,Male,11,Employed,676283,500214,Urban
HH1100,HH1100_1,38,Female,8,Self-Employed,380223,280454,Urban
HH1100,HH1100_2,50,Female,16,Not in Labor Force,50000,62036,Urban
