Timestamp,Ticker,Open,High,Low,Close,Volume,VWAP
2026-10-05 09:15:00,RELIANCE,2448.74,2448.79,2447.78,2448.59,31191,2448.39
2026-10-05 09:20:00,RELIANCE,2448.67,2448.9300000000003,2447.94,2448.13,20519,2448.33
2026-10-05 09:25:00,RELIANCE,2446.39,2447.27,2445.84,2446.36,53232,2446.49
2026-10-05 09:30:00,RELIANCE,2444.09,2444.2799999999997,2444.08,2444.2,20989,2444.19
2026-10-05 09:35:00,RELIANCE,2444.02,2445.21,2443.69,2444.36,32195,2444.42
2026-10-05 09:40:00,RELIANCE,2446.33,2446.37,2446.2599999999998,2446.27,47687,2446.3
2026-10-05 09:45:00,RELIANCE,2447.52,2447.7599999999998,2447.02,2447.47,47229,2447.42
2026-10-05 09:50:00,RELIANCE,2444.58,2444.81,2443.34,2444.63,33929,2444.26
2026-10-05 09:55:00,RELIANCE,2443.58,2445.2400000000002,2443.5099999999998,2444.05,54500,2444.27
2026-10-05 10:00:00,RELIANCE,2442.31,2442.5099999999998,2441.59,2442.07,57959,2442.06
2026-10-05 10:05:00,RELIANCE,2440.84,2442.02,2440.1000000000004,2441.42,54385,2441.18
2026-10-05 10:10:00,RELIANCE,2442.0,2442.63,2441.68,2442.36,53951,2442.22
2026-10-05 10:15:00,RELIANCE,2441.46,2441.91,2441.0,2441.75,28143,2441.55
2026-10-05 10:20:00,RELIANCE,2441.99,2443.11,2441.7099999999996,2442.1,46314,2442.31
2026-10-05 10:25:00,RELIANCE,2445.31,2445.7000000000003,2444.7,2445.34,7670,2445.25
2026-10-05 10:30:00,RELIANCE,2446.02,2447.27,2444.96,2445.25,21813,2445.83
2026-10-05 10:35:00,RELIANCE,2443.51,2443.71,2442.03,2443.61,39732,2443.12
2026-10-05 10:40:00,RELIANCE,2443.15,2444.49,2442.67,2444.04,19736,2443.73
2026-10-05 10:45:00,RELIANCE,2444.67,2444.9700000000003,2444.48,2444.76,26779,2444.74
2026-10-05 10:50:00,RELIANCE,2444.49,2445.5299999999997,2443.65,2444.39,30226,2444.52
2026-10-05 10:55:00,RELIANCE,2445.47,2446.0,2444.05,2445.3,45274,2445.12
2026-10-05 11:00:00,RELIANCE,2444.44,2444.96,2443.52,2444.1,22565,2444.19
2026-10-05 11:05:00,RELIANCE,2444.99,2445.5800000000004,2444.9199999999996,2445.32,18304,2445.27
2026-10-05 11:10:00,RELIANCE,2445.59,2446.79,2445.0099999999998,2445.02,43867,2445.61
2026-10-05 11:15:00,RELIANCE,2442.1,2442.39,2441.51,2441.92,47813,2441.94
2026-10-05 11:20:00,RELIANCE,2443.18,2443.2999999999997,2442.15,2442.83,35667,2442.76
2026-10-05 11:25:00,RELIANCE,2440.67,2441.4700000000003,2439.96,2440.69,40952,2440.71
2026-10-05 11:30:00,RELIANCE,2440.31,2441.22,2439.6400000000003,2439.76,22754,2440.21
2026-10-05 11:35:00,RELIANCE,2438.7,2439.14,2438.17,2438.66,42721,2438.66
2026-10-05 11:40:00,RELIANCE,2437.56,2438.19,2436.72,2438.18,18919,2437.7
2026-10-05 11:45:00,RELIANCE,2438.32,2439.77,2438.3,2438.48,32205,2438.85
2026-10-05 11:50:00,RELIANCE,2438.49,2439.3,2437.8799999999997,2438.84,57262,2438.67
2026-10-05 11:55:00,RELIANCE,2439.37,2439.8199999999997,2438.69,2439.18,6154,2439.23
2026-10-05 12:00:00,RELIANCE,2439.14,2439.3599999999997,2438.19,2438.61,22764,2438.72
2026-10-05 12:05:00,RELIANCE,2438.97,2440.69,2438.68,2439.76,13085,2439.71
2026-10-05 12:10:00,RELIANCE,2438.06,2439.31,2437.73,2438.99,32124,2438.68
2026-10-05 12:15:00,RELIANCE,2437.0,2438.38,2436.45,2437.48,18124,2437.44
2026-10-05 12:20:00,RELIANCE,2436.54,2437.68,2435.96,2436.81,8841,2436.82
2026-10-05 12:25:00,RELIANCE,2437.18,2437.66,2436.9100000000003,2437.01,17797,2437.19
2026-10-05 12:30:00,RELIANCE,2436.95,2437.7799999999997,2436.33,2436.95,34672,2437.02
2026-10-05 12:35:00,RELIANCE,2435.57,2435.7000000000003,2435.17,2435.23,42128,2435.37
2026-10-05 12:40:00,RELIANCE,2434.69,2435.7400000000002,2434.67,2434.86,21672,2435.09
2026-10-05 12:45:00,RELIANCE,2434.0,2434.29,2433.51,2434.16,23571,2433.99
2026-10-05 12:50:00,RELIANCE,2434.6,2435.41,2434.35,2435.12,30453,2434.96
2026-10-05 12:55:00,RELIANCE,2434.66,2434.69,2433.5499999999997,2434.18,33480,2434.14
2026-10-05 13:00:00,RELIANCE,2432.67,2432.84,2432.54,2432.54,51677,2432.64
2026-10-05 13:05:00,RELIANCE,2433.07,2433.9500000000003,2431.7799999999997,2432.49,40678,2432.74
2026-10-05 13:10:00,RELIANCE,2433.38,2433.58,2432.97,2433.06,26602,2433.2
2026-10-05 13:15:00,RELIANCE,2432.05,2432.39,2431.9900000000002,2432.24,30986,2432.21
2026-10-05 13:20:00,RELIANCE,2434.55,2435.19,2434.3500000000004,2434.56,49725,2434.7
2026-10-05 13:25:00,RELIANCE,2435.27,2435.37,2434.41,2434.71,27923,2434.83
2026-10-05 13:30:00,RELIANCE,2432.93,2433.29,2431.52,2432.33,44534,2432.38
2026-10-05 13:35:00,RELIANCE,2432.09,2434.25,2431.31,2432.8,40443,2432.79
2026-10-05 13:40:00,RELIANCE,2435.04,2435.4500000000003,2434.42,2435.17,21846,2435.01
2026-10-05 13:45:00,RELIANCE,2434.87,2435.5099999999998,2434.33,2434.89,48606,2434.91
2026-10-05 13:50:00,RELIANCE,2434.13,2434.4700000000003,2432.83,2433.69,35488,2433.66
2026-10-05 13:55:00,RELIANCE,2432.05,2433.2999999999997,2431.59,2432.83,52253,2432.57
2026-10-05 14:00:00,RELIANCE,2432.51,2432.69,2431.9900000000002,2432.26,44624,2432.31
2026-10-05 14:05:00,RELIANCE,2432.63,2433.48,2431.9300000000003,2433.06,41119,2432.82
2026-10-05 14:10:00,RELIANCE,2434.7,2435.75,2434.6499999999996,2435.31,48485,2435.24
2026-10-05 14:15:00,RELIANCE,2435.54,2436.42,2434.46,2435.27,33514,2435.38
2026-10-05 14:20:00,RELIANCE,2433.66,2433.95,2433.3999999999996,2433.72,28955,2433.69
2026-10-05 14:25:00,RELIANCE,2434.66,2435.8999999999996,2434.0,2434.33,49611,2434.74
2026-10-05 14:30:00,RELIANCE,2434.95,2435.08,2434.6600000000003,2434.82,10956,2434.85
2026-10-05 14:35:00,RELIANCE,2434.0,2434.82,2433.87,2434.26,29726,2434.32
2026-10-05 14:40:00,RELIANCE,2434.3,2434.8100000000004,2433.9,2434.19,31904,2434.3
2026-10-05 14:45:00,RELIANCE,2433.23,2433.4700000000003,2432.21,2433.4,12417,2433.03
2026-10-05 14:50:00,RELIANCE,2433.92,2434.07,2432.4,2433.09,28973,2433.19
2026-10-05 14:55:00,RELIANCE,2433.67,2434.16,2433.13,2434.04,14797,2433.78
2026-10-05 15:00:00,RELIANCE,2431.94,2432.37,2431.41,2431.71,53611,2431.83
2026-10-05 15:05:00,RELIANCE,2431.51,2432.5699999999997,2431.4900000000002,2432.18,54871,2432.08
2026-10-05 15:10:00,RELIANCE,2433.54,2433.79,2433.4,2433.73,53828,2433.64
2026-10-05 15:15:00,RELIANCE,2434.67,2435.42,2434.25,2434.33,8280,2434.67
2026-10-05 15:20:00,RELIANCE,2434.23,2434.81,2433.3,2434.0,18221,2434.04
2026-10-05 15:25:00,RELIANCE,2434.04,2434.18,2432.8,2433.25,28916,2433.41
2026-10-05 15:30:00,RELIANCE,2434.46,2434.51,2433.27,2433.97,39758,2433.92
