Timestamp,Ticker,Bid_Price_1,Bid_Size_1,Ask_Price_1,Ask_Size_1,Bid_Price_2,Bid_Size_2,Ask_Price_2,Ask_Size_2,Bid_Price_3,Bid_Size_3,Ask_Price_3,Ask_Size_3
2026-10-05 09:32:00.000,INFY,1539.69,654,1540.19,449,1539.44,1305,1540.44,1016,1539.19,2244,1540.69,4095
2026-10-05 09:32:00.500,INFY,1539.62,500,1540.12,617,1539.37,1065,1540.37,584,1539.12,2101,1540.62,4675
2026-10-05 09:32:01.000,INFY,1539.55,542,1540.05,557,1539.3,705,1540.3,663,1539.05,3904,1540.55,3900
2026-10-05 09:32:01.500,INFY,1539.57,443,1540.07,749,1539.32,1057,1540.32,1616,1539.07,3351,1540.57,3456
2026-10-05 09:32:02.000,INFY,1539.52,729,1540.02,958,1539.27,1306,1540.27,2290,1539.02,2313,1540.52,2595
2026-10-05 09:32:02.500,INFY,1539.57,166,1540.07,505,1539.32,2311,1540.32,595,1539.07,3802,1540.57,4200
2026-10-05 09:32:03.000,INFY,1539.58,443,1540.08,313,1539.33,699,1540.33,960,1539.08,2412,1540.58,1027
2026-10-05 09:32:03.500,INFY,1539.59,181,1540.09,508,1539.34,1197,1540.34,1405,1539.09,2328,1540.59,3464
2026-10-05 09:32:04.000,INFY,1539.53,691,1540.03,942,1539.28,2477,1540.28,1828,1539.03,3700,1540.53,2557
2026-10-05 09:32:04.500,INFY,1539.52,153,1540.02,743,1539.27,1986,1540.27,2150,1539.02,4136,1540.52,3771
2026-10-05 09:32:05.000,INFY,1539.6,564,1540.1,575,1539.35,2253,1540.35,774,1539.1,2881,1540.6,2617
2026-10-05 09:32:05.500,INFY,1539.59,537,1540.09,573,1539.34,1618,1540.34,1313,1539.09,2157,1540.59,4351
2026-10-05 09:32:06.000,INFY,1539.71,490,1540.21,775,1539.46,1658,1540.46,1598,1539.21,4527,1540.71,4980
2026-10-05 09:32:06.500,INFY,1539.66,904,1540.16,400,1539.41,1599,1540.41,536,1539.16,1936,1540.66,2366
2026-10-05 09:32:07.000,INFY,1539.7,510,1540.2,737,1539.45,927,1540.45,1919,1539.2,2086,1540.7,1127
2026-10-05 09:32:07.500,INFY,1539.67,289,1540.17,327,1539.42,1804,1540.42,1879,1539.17,1479,1540.67,3230
2026-10-05 09:32:08.000,INFY,1539.56,577,1540.06,188,1539.31,2104,1540.31,2429,1539.06,4580,1540.56,3490
2026-10-05 09:32:08.500,INFY,1539.58,162,1540.08,693,1539.33,1790,1540.33,969,1539.08,1573,1540.58,1245
2026-10-05 09:32:09.000,INFY,1539.71,613,1540.21,190,1539.46,1759,1540.46,2033,1539.21,1231,1540.71,4799
2026-10-05 09:32:09.500,INFY,1539.67,918,1540.17,906,1539.42,1489,1540.42,1611,1539.17,1760,1540.67,1380
2026-10-05 09:32:10.000,INFY,1539.53,863,1540.03,489,1539.28,867,1540.28,2472,1539.03,4710,1540.53,1323
2026-10-05 09:32:10.500,INFY,1539.51,660,1540.01,796,1539.26,802,1540.26,891,1539.01,1412,1540.51,3952
2026-10-05 09:32:11.000,INFY,1539.48,119,1539.98,282,1539.23,986,1540.23,610,1538.98,2043,1540.48,1958
2026-10-05 09:32:11.500,INFY,1539.54,620,1540.04,519,1539.29,1366,1540.29,1188,1539.04,3656,1540.54,3338
2026-10-05 09:32:12.000,INFY,1539.45,482,1539.95,112,1539.2,942,1540.2,1760,1538.95,3800,1540.45,3234
2026-10-05 09:32:12.500,INFY,1539.42,293,1539.92,454,1539.17,2147,1540.17,901,1538.92,1112,1540.42,4811
2026-10-05 09:32:13.000,INFY,1539.42,806,1539.92,341,1539.17,1675,1540.17,875,1538.92,3060,1540.42,4171
2026-10-05 09:32:13.500,INFY,1539.4,847,1539.9,549,1539.15,1368,1540.15,2182,1538.9,2487,1540.4,3603
2026-10-05 09:32:14.000,INFY,1539.41,717,1539.91,758,1539.16,1765,1540.16,2199,1538.91,2881,1540.41,4613
2026-10-05 09:32:14.500,INFY,1539.33,569,1539.83,924,1539.08,1964,1540.08,2191,1538.83,3845,1540.33,1896
2026-10-05 09:32:15.000,INFY,1539.27,216,1539.77,693,1539.02,1457,1540.02,1899,1538.77,2137,1540.27,3187
2026-10-05 09:32:15.500,INFY,1539.26,453,1539.76,205,1539.01,2004,1540.01,1252,1538.76,3539,1540.26,1046
2026-10-05 09:32:16.000,INFY,1539.43,828,1539.93,114,1539.18,2165,1540.18,2269,1538.93,3384,1540.43,3963
2026-10-05 09:32:16.500,INFY,1539.43,221,1539.93,659,1539.18,2310,1540.18,1988,1538.93,4759,1540.43,1730
2026-10-05 09:32:17.000,INFY,1539.34,794,1539.84,435,1539.09,1039,1540.09,750,1538.84,2026,1540.34,2123
2026-10-05 09:32:17.500,INFY,1539.29,466,1539.79,445,1539.04,1136,1540.04,671,1538.79,1225,1540.29,2618
2026-10-05 09:32:18.000,INFY,1539.34,978,1539.84,133,1539.09,1351,1540.09,868,1538.84,2770,1540.34,3949
2026-10-05 09:32:18.500,INFY,1539.43,679,1539.93,960,1539.18,1416,1540.18,1824,1538.93,1052,1540.43,3619
2026-10-05 09:32:19.000,INFY,1539.44,948,1539.94,581,1539.19,1121,1540.19,2120,1538.94,3842,1540.44,3471
2026-10-05 09:32:19.500,INFY,1539.51,407,1540.01,198,1539.26,845,1540.26,799,1539.01,3440,1540.51,1359
2026-10-05 09:32:20.000,INFY,1539.44,996,1539.94,781,1539.19,757,1540.19,1515,1538.94,4829,1540.44,3821
2026-10-05 09:32:20.500,INFY,1539.34,259,1539.84,317,1539.09,537,1540.09,1208,1538.84,4335,1540.34,3245
2026-10-05 09:32:21.000,INFY,1539.39,983,1539.89,199,1539.14,630,1540.14,789,1538.89,3780,1540.39,3362
2026-10-05 09:32:21.500,INFY,1539.36,236,1539.86,904,1539.11,1388,1540.11,878,1538.86,3959,1540.36,2894
2026-10-05 09:32:22.000,INFY,1539.34,544,1539.84,291,1539.09,923,1540.09,2036,1538.84,4148,1540.34,2095
2026-10-05 09:32:22.500,INFY,1539.33,452,1539.83,500,1539.08,1834,1540.08,560,1538.83,1538,1540.33,3810
2026-10-05 09:32:23.000,INFY,1539.29,878,1539.79,295,1539.04,1382,1540.04,2214,1538.79,1047,1540.29,4599
2026-10-05 09:32:23.500,INFY,1539.21,609,1539.71,710,1538.96,1217,1539.96,835,1538.71,4506,1540.21,1330
2026-10-05 09:32:24.000,INFY,1539.2,372,1539.7,880,1538.95,1630,1539.95,1111,1538.7,3263,1540.2,3722
2026-10-05 09:32:24.500,INFY,1539.22,231,1539.72,248,1538.97,1271,1539.97,1724,1538.72,2401,1540.22,4341
