Month,ISO_Code,Industrial_Production_Index,CPI_Inflation_Rate_Pct,Policy_Repo_Rate_Pct,Exchange_Rate_USD_INR,Manufacturing_PMI
2018-01,IND,110.16,7.34,5.75,72.14,55.9
2018-02,IND,109.86,5.69,5.75,72.1,50.7
2018-03,IND,112.14,5.73,5.75,72.25,50.8
2018-04,IND,115.25,6.28,5.75,72.28,57.0
2018-05,IND,112.03,4.23,5.75,72.71,48.5
2018-06,IND,115.07,5.58,6.0,72.71,57.7
2018-07,IND,114.23,7.49,6.0,72.59,48.8
2018-08,IND,118.39,5.5,6.0,72.59,58.8
2018-09,IND,119.33,4.56,6.0,72.83,55.5
2018-10,IND,117.87,9.97,6.0,72.87,54.2
2018-11,IND,117.99,5.31,6.0,72.79,51.2
2018-12,IND,118.88,3.82,6.0,72.98,54.8
2019-01,IND,118.81,4.3,6.0,73.02,54.9
2019-02,IND,121.29,5.49,6.0,73.14,52.5
2019-03,IND,119.33,4.95,6.0,73.11,57.2
2019-04,IND,121.15,4.36,6.0,73.29,56.0
2019-05,IND,120.16,3.29,6.0,73.47,52.4
2019-06,IND,123.68,5.05,6.0,73.5,52.6
2019-07,IND,118.96,5.4,6.0,73.67,47.9
2019-08,IND,120.95,7.67,6.0,73.95,56.7
2019-09,IND,121.09,5.86,6.0,74.24,53.9
2019-10,IND,119.51,4.91,6.0,74.41,52.9
2019-11,IND,119.99,4.79,6.0,74.67,55.3
2019-12,IND,121.59,4.47,6.0,74.63,61.3
2020-01,IND,121.66,5.29,6.0,74.65,58.0
2020-02,IND,121.8,6.91,6.25,75.11,52.0
2020-03,IND,120.58,4.67,6.25,75.1,53.2
2020-04,IND,120.04,5.87,6.25,75.23,56.1
2020-05,IND,122.4,3.81,6.25,75.33,56.4
2020-06,IND,119.25,7.6,6.25,75.83,55.7
2020-07,IND,120.4,5.69,6.25,76.12,54.6
2020-08,IND,121.0,3.17,6.25,76.58,52.1
2020-09,IND,121.56,2.51,6.25,76.71,54.3
2020-10,IND,121.34,3.39,6.25,76.69,59.2
2020-11,IND,122.31,7.33,6.25,76.79,57.1
2020-12,IND,125.51,5.87,6.25,76.81,53.4
2021-01,IND,122.91,5.56,6.25,77.2,59.3
2021-02,IND,124.49,4.59,6.25,77.56,56.3
2021-03,IND,125.16,2.75,6.25,77.54,56.4
2021-04,IND,124.47,4.91,6.25,77.86,55.4
2021-05,IND,124.64,2.65,6.25,77.85,56.1
2021-06,IND,126.11,4.17,6.25,78.03,49.7
2021-07,IND,128.25,4.59,6.25,78.08,56.9
2021-08,IND,127.36,3.22,6.25,78.19,51.9
2021-09,IND,130.35,2.99,6.25,78.29,58.6
2021-10,IND,130.51,8.9,6.25,78.41,55.4
2021-11,IND,129.99,8.72,6.25,78.45,59.8
2021-12,IND,133.83,4.52,6.25,78.63,60.9
2022-01,IND,132.17,3.61,6.25,79.0,54.7
2022-02,IND,134.16,4.79,6.25,79.28,52.5
2022-03,IND,136.46,7.77,6.5,79.4,55.2
2022-04,IND,137.01,3.41,6.5,79.64,50.5
2022-05,IND,136.9,3.97,6.5,79.72,52.7
2022-06,IND,135.95,8.35,6.75,79.92,48.7
2022-07,IND,137.63,8.3,6.5,80.32,52.9
2022-08,IND,139.14,7.74,6.5,80.34,50.1
2022-09,IND,141.59,5.13,6.5,80.58,54.8
2022-10,IND,140.61,3.79,6.5,80.62,56.9
2022-11,IND,141.96,7.83,6.5,80.93,51.4
2022-12,IND,142.14,4.88,6.5,81.03,52.8
2023-01,IND,141.82,7.27,6.5,80.87,56.7
2023-02,IND,144.71,4.68,6.5,80.82,52.1
2023-03,IND,141.39,4.73,6.5,81.08,58.1
2023-04,IND,145.07,6.58,6.5,81.08,54.4
2023-05,IND,143.1,5.15,6.5,81.26,54.9
2023-06,IND,144.62,7.54,6.5,81.21,51.2
2023-07,IND,142.74,3.23,6.5,81.55,53.3
2023-08,IND,142.07,4.66,6.5,81.5,52.5
2023-09,IND,144.34,3.01,6.5,81.81,53.8
2023-10,IND,144.82,5.98,6.75,81.87,54.7
2023-11,IND,144.34,5.63,6.75,81.91,49.4
2023-12,IND,142.05,5.35,6.75,82.09,52.8
2024-01,IND,143.82,3.93,6.75,82.24,55.4
2024-02,IND,144.35,4.59,6.75,82.44,49.0
2024-03,IND,144.59,8.74,7.0,82.57,47.7
2024-04,IND,143.83,5.35,7.0,82.72,49.8
2024-05,IND,142.5,6.37,7.0,82.86,48.3
2024-06,IND,142.61,4.15,7.0,83.06,55.0
2024-07,IND,145.56,5.74,7.0,83.18,55.5
2024-08,IND,144.88,3.71,7.25,83.48,54.7
2024-09,IND,143.94,7.79,7.25,83.64,53.9
2024-10,IND,143.78,6.4,7.25,83.84,55.0
2024-11,IND,143.3,6.52,7.25,83.87,54.3
2024-12,IND,146.55,6.34,7.25,84.14,54.1
2025-01,IND,145.5,6.41,7.25,84.5,49.1
2025-02,IND,147.26,4.94,7.25,84.67,49.8
2025-03,IND,146.68,6.39,7.25,84.95,50.5
2025-04,IND,147.53,5.69,7.5,85.01,58.8
2025-05,IND,148.89,4.78,7.5,85.22,51.1
2025-06,IND,148.06,6.0,7.5,85.36,59.6
2025-07,IND,149.31,4.39,7.5,85.55,60.4
2025-08,IND,151.53,6.95,7.5,85.9,53.4
2025-09,IND,152.77,5.13,7.5,86.03,58.3
2025-10,IND,153.18,5.37,7.5,86.13,58.0
2025-11,IND,153.51,4.5,7.5,86.35,50.3
2025-12,IND,154.24,6.01,7.5,86.45,52.5
