Timestamp,Ticker,Event_Type,Price,Volume,Bid_Price,Ask_Price,Order_Flow_Imbalance
2026-10-05 09:30:00.000,RELIANCE,TRADE,2450.07,295,2449.82,2450.32,-0.93
2026-10-05 09:30:00.150,RELIANCE,CANCEL,2450.09,455,2449.84,2450.34,0.22
2026-10-05 09:30:00.300,RELIANCE,QUOTE,2450.08,340,2449.83,2450.33,0.01
2026-10-05 09:30:00.450,RELIANCE,QUOTE,2450.05,137,2449.8,2450.3,-0.9
2026-10-05 09:30:00.600,RELIANCE,TRADE,2449.9,357,2449.65,2450.15,-0.44
2026-10-05 09:30:00.750,RELIANCE,TRADE,2449.83,482,2449.58,2450.08,0.82
2026-10-05 09:30:00.900,RELIANCE,TRADE,2449.78,240,2449.53,2450.03,-0.52
2026-10-05 09:30:01.050,RELIANCE,QUOTE,2449.89,199,2449.64,2450.14,-0.71
2026-10-05 09:30:01.200,RELIANCE,QUOTE,2449.92,234,2449.67,2450.17,-0.02
2026-10-05 09:30:01.350,RELIANCE,QUOTE,2449.75,394,2449.5,2450.0,0.97
2026-10-05 09:30:01.500,RELIANCE,TRADE,2449.78,386,2449.53,2450.03,-0.52
2026-10-05 09:30:01.650,RELIANCE,CANCEL,2449.74,292,2449.49,2449.99,0.34
2026-10-05 09:30:01.800,RELIANCE,QUOTE,2449.67,455,2449.42,2449.92,0.52
2026-10-05 09:30:01.950,RELIANCE,TRADE,2449.73,130,2449.48,2449.98,-0.52
2026-10-05 09:30:02.100,RELIANCE,TRADE,2449.84,125,2449.59,2450.09,0.46
2026-10-05 09:30:02.250,RELIANCE,TRADE,2449.93,470,2449.68,2450.18,-0.26
2026-10-05 09:30:02.400,RELIANCE,TRADE,2449.85,242,2449.6,2450.1,0.26
2026-10-05 09:30:02.550,RELIANCE,QUOTE,2449.82,268,2449.57,2450.07,0.27
2026-10-05 09:30:02.700,RELIANCE,TRADE,2449.85,368,2449.6,2450.1,0.07
2026-10-05 09:30:02.850,RELIANCE,TRADE,2449.95,207,2449.7,2450.2,-0.82
2026-10-05 09:30:03.000,RELIANCE,QUOTE,2449.9,465,2449.65,2450.15,0.67
2026-10-05 09:30:03.150,RELIANCE,TRADE,2449.88,420,2449.63,2450.13,-0.36
2026-10-05 09:30:03.300,RELIANCE,TRADE,2449.77,146,2449.52,2450.02,-0.63
2026-10-05 09:30:03.450,RELIANCE,TRADE,2449.65,327,2449.4,2449.9,-0.92
2026-10-05 09:30:03.600,RELIANCE,TRADE,2449.73,174,2449.48,2449.98,0.18
2026-10-05 09:30:03.750,RELIANCE,QUOTE,2449.87,234,2449.62,2450.12,0.36
2026-10-05 09:30:03.900,RELIANCE,TRADE,2449.86,316,2449.61,2450.11,-0.97
2026-10-05 09:30:04.050,RELIANCE,QUOTE,2449.96,243,2449.71,2450.21,0.02
2026-10-05 09:30:04.200,RELIANCE,QUOTE,2450.0,181,2449.75,2450.25,-0.55
2026-10-05 09:30:04.350,RELIANCE,TRADE,2449.93,161,2449.68,2450.18,0.29
2026-10-05 09:30:04.500,RELIANCE,QUOTE,2449.97,472,2449.72,2450.22,-0.65
2026-10-05 09:30:04.650,RELIANCE,TRADE,2450.12,324,2449.87,2450.37,0.38
2026-10-05 09:30:04.800,RELIANCE,TRADE,2450.12,383,2449.87,2450.37,-0.23
2026-10-05 09:30:04.950,RELIANCE,CANCEL,2450.27,169,2450.02,2450.52,0.87
2026-10-05 09:30:05.100,RELIANCE,CANCEL,2450.01,105,2449.76,2450.26,-0.72
2026-10-05 09:30:05.250,RELIANCE,QUOTE,2450.09,481,2449.84,2450.34,-0.32
2026-10-05 09:30:05.400,RELIANCE,TRADE,2450.1,242,2449.85,2450.35,-0.77
2026-10-05 09:30:05.550,RELIANCE,TRADE,2450.07,189,2449.82,2450.32,0.85
2026-10-05 09:30:05.700,RELIANCE,QUOTE,2450.08,122,2449.83,2450.33,0.75
2026-10-05 09:30:05.850,RELIANCE,TRADE,2449.88,327,2449.63,2450.13,-0.48
2026-10-05 09:30:06.000,RELIANCE,TRADE,2449.86,451,2449.61,2450.11,0.32
2026-10-05 09:30:06.150,RELIANCE,TRADE,2449.9,61,2449.65,2450.15,0.63
2026-10-05 09:30:06.300,RELIANCE,TRADE,2450.05,277,2449.8,2450.3,0.11
2026-10-05 09:30:06.450,RELIANCE,CANCEL,2449.99,304,2449.74,2450.24,0.06
2026-10-05 09:30:06.600,RELIANCE,TRADE,2449.91,395,2449.66,2450.16,-0.52
2026-10-05 09:30:06.750,RELIANCE,QUOTE,2449.86,396,2449.61,2450.11,-0.81
2026-10-05 09:30:06.900,RELIANCE,TRADE,2449.95,122,2449.7,2450.2,0.79
2026-10-05 09:30:07.050,RELIANCE,QUOTE,2449.99,110,2449.74,2450.24,0.8
2026-10-05 09:30:07.200,RELIANCE,QUOTE,2449.93,122,2449.68,2450.18,0.27
2026-10-05 09:30:07.350,RELIANCE,TRADE,2449.99,449,2449.74,2450.24,-0.32
