Quarter,ISO_Code,Real_GDP_Billion_USD,Household_Consumption,Gross_Capital_Formation,Govt_Spending,Net_Exports,Output_Gap_Pct
2015Q1,IND,502.69,310.61,161.37,62.23,-31.52,1.17
2015Q2,IND,508.96,308.18,162.36,63.67,-25.25,-0.77
2015Q3,IND,522.53,319.75,160.68,61.19,-19.09,-1.37
2015Q4,IND,540.03,323.53,176.72,63.42,-23.64,-0.63
2016Q1,IND,550.57,325.48,179.44,63.3,-17.65,0.03
2016Q2,IND,562.72,342.77,186.32,63.97,-30.34,-0.15
2016Q3,IND,570.36,341.13,184.86,71.83,-27.46,0.67
2016Q4,IND,585.07,358.06,195.19,67.62,-35.8,-0.79
2017Q1,IND,588.77,356.65,193.45,70.68,-32.01,-0.47
2017Q2,IND,598.21,363.83,180.29,73.61,-19.52,-0.19
2017Q3,IND,601.72,350.16,199.71,76.6,-24.75,0.26
2017Q4,IND,607.33,370.89,192.58,72.19,-28.33,-1.01
2018Q1,IND,620.16,368.82,198.27,69.98,-16.91,-0.27
2018Q2,IND,630.03,387.31,200.81,80.31,-38.4,-0.63
2018Q3,IND,636.24,373.83,214.5,73.97,-26.06,-0.08
2018Q4,IND,642.74,386.01,210.45,77.28,-31.0,0.1
2019Q1,IND,645.97,394.5,207.71,71.69,-27.93,-0.48
2019Q2,IND,655.89,389.45,202.96,74.94,-11.46,0.44
2019Q3,IND,665.73,410.02,212.93,82.35,-39.57,0.05
2019Q4,IND,666.65,398.9,215.0,86.53,-33.78,-0.66
2020Q1,IND,677.27,408.84,226.74,78.95,-37.26,-0.98
2020Q2,IND,684.4,411.46,209.67,78.36,-15.09,-0.08
2020Q3,IND,684.84,399.51,208.07,81.04,-3.78,0.36
2020Q4,IND,690.43,427.49,228.25,84.0,-49.31,0.88
2021Q1,IND,696.25,414.48,215.18,82.41,-15.82,0.58
2021Q2,IND,699.35,406.09,212.28,79.03,1.95,1.1
2021Q3,IND,701.06,422.6,228.84,81.36,-31.74,-0.26
2021Q4,IND,711.0,420.16,240.69,81.27,-31.12,-0.78
2022Q1,IND,725.73,441.41,239.1,81.4,-36.18,-0.36
2022Q2,IND,730.37,445.67,224.96,86.07,-26.33,-0.38
2022Q3,IND,741.56,439.72,250.09,87.4,-35.65,-0.1
2022Q4,IND,753.14,452.14,232.61,93.53,-25.14,0.86
2023Q1,IND,764.34,470.36,235.7,92.6,-34.32,0.77
2023Q2,IND,770.77,461.57,240.56,95.38,-26.74,0.42
2023Q3,IND,781.96,469.62,257.19,89.58,-34.43,-0.29
2023Q4,IND,788.11,461.46,259.48,88.55,-21.38,1.61
2024Q1,IND,795.77,474.16,269.15,102.54,-50.08,-0.15
2024Q2,IND,806.18,498.32,243.81,96.04,-31.99,-0.05
2024Q3,IND,816.01,487.58,264.23,100.8,-36.6,1.04
2024Q4,IND,829.81,509.92,271.95,101.35,-53.41,1.38
2025Q1,IND,836.63,491.7,276.1,105.29,-36.46,0.83
2025Q2,IND,843.99,521.07,273.44,100.2,-50.72,-1.28
2025Q3,IND,854.59,511.84,284.23,109.26,-50.74,0.19
2025Q4,IND,859.96,514.52,274.62,111.13,-40.31,1.37
2026Q1,IND,869.27,532.23,282.53,97.91,-43.4,-0.71
2026Q2,IND,876.32,541.31,278.56,96.88,-40.43,-0.25
