Region,ISO_Code,Year,Nightlights_Radiance_Index,Agricultural_NDVI,Built_Up_Area_SqKm,Subnational_GDP_USD_M
Uttar Pradesh,IND,2015,22.73,0.522,1524.5,256101.9
Uttar Pradesh,IND,2016,22.6,0.615,1616.0,277022.77
Uttar Pradesh,IND,2017,23.97,0.575,1729.0,298296.77
Uttar Pradesh,IND,2018,23.59,0.579,1860.4,313553.33
Uttar Pradesh,IND,2019,25.16,0.64,1960.3,320537.48
Uttar Pradesh,IND,2020,27.76,0.476,2098.3,343578.78
Uttar Pradesh,IND,2021,27.47,0.508,2219.0,351078.2
Uttar Pradesh,IND,2022,29.02,0.483,2352.0,376164.07
Uttar Pradesh,IND,2023,30.34,0.46,2446.3,379938.33
Uttar Pradesh,IND,2024,31.3,0.582,2603.4,392197.23
Maharashtra,IND,2015,20.59,0.494,1500.3,302815.58
Maharashtra,IND,2016,21.86,0.5,1636.0,312922.39
Maharashtra,IND,2017,22.74,0.599,1738.5,329411.56
Maharashtra,IND,2018,25.23,0.407,1829.5,349389.48
Maharashtra,IND,2019,24.88,0.509,1929.4,366637.96
Maharashtra,IND,2020,25.63,0.624,2052.3,386474.79
Maharashtra,IND,2021,27.32,0.501,2188.8,394248.84
Maharashtra,IND,2022,26.27,0.587,2342.2,425527.58
Maharashtra,IND,2023,26.44,0.486,2456.3,433025.11
Maharashtra,IND,2024,29.6,0.543,2581.4,447039.67
Karnataka,IND,2015,20.25,0.537,1505.2,209460.97
Karnataka,IND,2016,22.2,0.385,1654.9,212583.6
Karnataka,IND,2017,21.99,0.573,1751.7,233197.37
Karnataka,IND,2018,22.53,0.508,1875.6,246230.83
Karnataka,IND,2019,23.45,0.626,1996.7,256987.96
Karnataka,IND,2020,23.89,0.516,2103.9,273030.36
Karnataka,IND,2021,24.93,0.522,2211.0,272996.73
Karnataka,IND,2022,26.27,0.608,2315.2,292067.44
Karnataka,IND,2023,27.74,0.496,2432.0,312735.83
Karnataka,IND,2024,28.18,0.576,2583.6,314099.82
Tamil Nadu,IND,2015,20.34,0.565,1504.9,174564.35
Tamil Nadu,IND,2016,22.64,0.511,1603.9,177785.09
Tamil Nadu,IND,2017,21.33,0.618,1726.0,192423.72
Tamil Nadu,IND,2018,23.39,0.632,1854.9,201079.03
Tamil Nadu,IND,2019,23.39,0.533,1994.3,210855.31
Tamil Nadu,IND,2020,25.08,0.619,2112.6,224227.02
Tamil Nadu,IND,2021,26.85,0.591,2260.1,231906.9
Tamil Nadu,IND,2022,26.59,0.402,2301.3,232940.31
Tamil Nadu,IND,2023,27.87,0.559,2424.2,239789.98
Tamil Nadu,IND,2024,29.35,0.545,2571.1,259859.74
Gujarat,IND,2015,40.13,0.555,1528.0,268312.01
Gujarat,IND,2016,41.53,0.501,1600.5,294735.23
Gujarat,IND,2017,41.02,0.496,1708.4,304841.83
Gujarat,IND,2018,43.59,0.651,1843.8,305016.36
Gujarat,IND,2019,44.35,0.492,1986.0,323140.37
Gujarat,IND,2020,45.55,0.578,2084.6,345983.44
Gujarat,IND,2021,48.68,0.617,2268.8,365554.06
Gujarat,IND,2022,48.32,0.597,2347.8,378108.46
Gujarat,IND,2023,51.92,0.524,2472.5,399191.57
Gujarat,IND,2024,52.2,0.635,2606.2,411076.35
Rajasthan,IND,2015,43.16,0.547,1478.7,99029.87
Rajasthan,IND,2016,43.88,0.7,1627.6,109884.37
Rajasthan,IND,2017,46.83,0.588,1738.5,111069.24
Rajasthan,IND,2018,48.25,0.51,1856.1,105399.64
Rajasthan,IND,2019,51.06,0.654,1955.7,127936.36
Rajasthan,IND,2020,52.91,0.552,2087.2,133517.46
Rajasthan,IND,2021,53.81,0.585,2224.9,138345.9
Rajasthan,IND,2022,55.62,0.579,2342.5,139514.22
Rajasthan,IND,2023,57.85,0.736,2414.3,151047.78
Rajasthan,IND,2024,57.13,0.483,2560.3,152309.49
West Bengal,IND,2015,26.37,0.503,1511.9,175118.06
West Bengal,IND,2016,26.13,0.433,1641.9,182441.08
West Bengal,IND,2017,27.94,0.404,1735.9,192559.28
West Bengal,IND,2018,27.93,0.462,1846.5,202693.33
West Bengal,IND,2019,31.07,0.483,1972.0,219934.13
West Bengal,IND,2020,31.17,0.491,2089.4,227658.89
West Bengal,IND,2021,31.99,0.566,2207.6,230915.28
West Bengal,IND,2022,32.39,0.568,2398.9,240830.07
West Bengal,IND,2023,34.71,0.595,2470.0,249720.33
West Bengal,IND,2024,36.56,0.486,2619.7,270574.63
Madhya Pradesh,IND,2015,35.36,0.395,1487.6,243429.45
Madhya Pradesh,IND,2016,38.37,0.368,1652.6,269300.1
Madhya Pradesh,IND,2017,38.29,0.579,1706.0,278754.01
Madhya Pradesh,IND,2018,39.77,0.49,1856.1,294771.47
Madhya Pradesh,IND,2019,40.58,0.552,1980.6,317708.1
Madhya Pradesh,IND,2020,43.26,0.404,2144.0,316959.29
Madhya Pradesh,IND,2021,43.85,0.428,2206.5,327271.46
Madhya Pradesh,IND,2022,46.71,0.556,2357.0,359373.89
Madhya Pradesh,IND,2023,47.41,0.694,2445.3,360217.71
Madhya Pradesh,IND,2024,48.13,0.564,2558.7,381322.48
Telangana,IND,2015,25.59,0.544,1559.8,160725.72
Telangana,IND,2016,25.1,0.489,1652.2,174282.92
Telangana,IND,2017,26.35,0.292,1730.5,184021.66
Telangana,IND,2018,28.45,0.638,1822.7,198943.65
Telangana,IND,2019,29.44,0.49,1973.4,201013.74
Telangana,IND,2020,28.93,0.632,2094.4,218600.73
Telangana,IND,2021,30.63,0.691,2239.0,217776.51
Telangana,IND,2022,31.94,0.579,2349.9,232793.92
Telangana,IND,2023,33.6,0.395,2417.2,242971.15
Telangana,IND,2024,33.36,0.502,2590.6,257977.77
Bihar,IND,2015,21.43,0.516,1500.7,257652.93
Bihar,IND,2016,22.1,0.557,1613.8,281921.65
Bihar,IND,2017,23.61,0.551,1745.9,288720.14
Bihar,IND,2018,26.7,0.383,1869.3,302813.41
Bihar,IND,2019,25.5,0.435,1979.4,315936.29
Bihar,IND,2020,25.71,0.442,2077.5,335130.37
Bihar,IND,2021,28.0,0.532,2236.6,352688.4
Bihar,IND,2022,28.37,0.667,2347.8,363613.81
Bihar,IND,2023,29.13,0.483,2427.7,387014.96
Bihar,IND,2024,28.46,0.549,2542.4,401391.32
