Timestamp,Ticker,Tick_Type,Price,Size,Bid_Price,Ask_Price,Sequence_ID
2026-10-05 09:33:00.000000,TCS,QUOTE,3849.95,50,3849.7,3850.2,2059001
2026-10-05 09:33:00.000120,TCS,TRADE,3849.99,25,3849.74,3850.24,2059002
2026-10-05 09:33:00.000240,TCS,TRADE,3850.0,200,3849.75,3850.25,2059003
2026-10-05 09:33:00.000360,TCS,QUOTE,3849.98,100,3849.73,3850.23,2059004
2026-10-05 09:33:00.000480,TCS,QUOTE,3849.97,500,3849.72,3850.22,2059005
2026-10-05 09:33:00.000600,TCS,TRADE,3849.98,10,3849.73,3850.23,2059006
2026-10-05 09:33:00.000720,TCS,TRADE,3849.99,200,3849.74,3850.24,2059007
2026-10-05 09:33:00.000840,TCS,TRADE,3850.02,200,3849.77,3850.27,2059008
2026-10-05 09:33:00.000960,TCS,TRADE,3850.02,10,3849.77,3850.27,2059009
2026-10-05 09:33:00.001080,TCS,TRADE,3850.07,100,3849.82,3850.32,2059010
2026-10-05 09:33:00.001200,TCS,QUOTE,3850.05,200,3849.8,3850.3,2059011
2026-10-05 09:33:00.001320,TCS,TRADE,3850.14,50,3849.89,3850.39,2059012
2026-10-05 09:33:00.001440,TCS,TRADE,3850.12,100,3849.87,3850.37,2059013
2026-10-05 09:33:00.001560,TCS,TRADE,3850.06,50,3849.81,3850.31,2059014
2026-10-05 09:33:00.001680,TCS,QUOTE,3850.1,200,3849.85,3850.35,2059015
2026-10-05 09:33:00.001800,TCS,TRADE,3850.14,10,3849.89,3850.39,2059016
2026-10-05 09:33:00.001920,TCS,TRADE,3850.18,500,3849.93,3850.43,2059017
2026-10-05 09:33:00.002040,TCS,TRADE,3850.22,10,3849.97,3850.47,2059018
2026-10-05 09:33:00.002160,TCS,QUOTE,3850.19,100,3849.94,3850.44,2059019
2026-10-05 09:33:00.002280,TCS,TRADE,3850.18,50,3849.93,3850.43,2059020
2026-10-05 09:33:00.002400,TCS,TRADE,3850.19,50,3849.94,3850.44,2059021
2026-10-05 09:33:00.002520,TCS,QUOTE,3850.21,10,3849.96,3850.46,2059022
2026-10-05 09:33:00.002640,TCS,TRADE,3850.2,500,3849.95,3850.45,2059023
2026-10-05 09:33:00.002760,TCS,TRADE,3850.25,100,3850.0,3850.5,2059024
2026-10-05 09:33:00.002880,TCS,QUOTE,3850.25,500,3850.0,3850.5,2059025
2026-10-05 09:33:00.003000,TCS,TRADE,3850.23,200,3849.98,3850.48,2059026
2026-10-05 09:33:00.003120,TCS,QUOTE,3850.22,500,3849.97,3850.47,2059027
2026-10-05 09:33:00.003240,TCS,TRADE,3850.21,10,3849.96,3850.46,2059028
2026-10-05 09:33:00.003360,TCS,TRADE,3850.25,10,3850.0,3850.5,2059029
2026-10-05 09:33:00.003480,TCS,TRADE,3850.22,500,3849.97,3850.47,2059030
2026-10-05 09:33:00.003600,TCS,TRADE,3850.3,500,3850.05,3850.55,2059031
2026-10-05 09:33:00.003720,TCS,QUOTE,3850.3,50,3850.05,3850.55,2059032
2026-10-05 09:33:00.003840,TCS,TRADE,3850.3,500,3850.05,3850.55,2059033
2026-10-05 09:33:00.003960,TCS,TRADE,3850.41,100,3850.16,3850.66,2059034
2026-10-05 09:33:00.004080,TCS,TRADE,3850.38,100,3850.13,3850.63,2059035
2026-10-05 09:33:00.004200,TCS,TRADE,3850.38,25,3850.13,3850.63,2059036
2026-10-05 09:33:00.004320,TCS,TRADE,3850.38,10,3850.13,3850.63,2059037
2026-10-05 09:33:00.004440,TCS,TRADE,3850.39,200,3850.14,3850.64,2059038
2026-10-05 09:33:00.004560,TCS,TRADE,3850.33,50,3850.08,3850.58,2059039
2026-10-05 09:33:00.004680,TCS,QUOTE,3850.34,25,3850.09,3850.59,2059040
2026-10-05 09:33:00.004800,TCS,QUOTE,3850.29,100,3850.04,3850.54,2059041
2026-10-05 09:33:00.004920,TCS,QUOTE,3850.23,10,3849.98,3850.48,2059042
2026-10-05 09:33:00.005040,TCS,QUOTE,3850.15,25,3849.9,3850.4,2059043
2026-10-05 09:33:00.005160,TCS,QUOTE,3850.2,500,3849.95,3850.45,2059044
2026-10-05 09:33:00.005280,TCS,QUOTE,3850.22,50,3849.97,3850.47,2059045
2026-10-05 09:33:00.005400,TCS,QUOTE,3850.22,100,3849.97,3850.47,2059046
2026-10-05 09:33:00.005520,TCS,QUOTE,3850.22,50,3849.97,3850.47,2059047
2026-10-05 09:33:00.005640,TCS,QUOTE,3850.23,200,3849.98,3850.48,2059048
2026-10-05 09:33:00.005760,TCS,TRADE,3850.23,500,3849.98,3850.48,2059049
2026-10-05 09:33:00.005880,TCS,QUOTE,3850.28,200,3850.03,3850.53,2059050
2026-10-05 09:33:00.006000,TCS,QUOTE,3850.29,200,3850.04,3850.54,2059051
2026-10-05 09:33:00.006120,TCS,TRADE,3850.29,200,3850.04,3850.54,2059052
2026-10-05 09:33:00.006240,TCS,QUOTE,3850.28,100,3850.03,3850.53,2059053
2026-10-05 09:33:00.006360,TCS,TRADE,3850.33,500,3850.08,3850.58,2059054
2026-10-05 09:33:00.006480,TCS,QUOTE,3850.29,25,3850.04,3850.54,2059055
2026-10-05 09:33:00.006600,TCS,TRADE,3850.33,50,3850.08,3850.58,2059056
2026-10-05 09:33:00.006720,TCS,QUOTE,3850.37,200,3850.12,3850.62,2059057
2026-10-05 09:33:00.006840,TCS,TRADE,3850.4,100,3850.15,3850.65,2059058
2026-10-05 09:33:00.006960,TCS,QUOTE,3850.36,50,3850.11,3850.61,2059059
2026-10-05 09:33:00.007080,TCS,TRADE,3850.38,100,3850.13,3850.63,2059060
