Timestamp,Ticker,Price,Volume,Aggressor_Side,Exchange
2026-10-05 09:31:00.000,TATASTEEL,1420.14,1000,SELL,BSE
2026-10-05 09:31:00.200,TATASTEEL,1420.17,100,SELL,NSE
2026-10-05 09:31:00.400,TATASTEEL,1420.21,1000,BUY,NSE
2026-10-05 09:31:00.600,TATASTEEL,1420.24,250,SELL,NSE
2026-10-05 09:31:00.800,TATASTEEL,1420.27,500,SELL,NSE
2026-10-05 09:31:01.000,TATASTEEL,1420.25,1000,BUY,NSE
2026-10-05 09:31:01.200,TATASTEEL,1420.21,500,SELL,BSE
2026-10-05 09:31:01.400,TATASTEEL,1420.24,1000,SELL,BSE
2026-10-05 09:31:01.600,TATASTEEL,1420.14,500,BUY,NSE
2026-10-05 09:31:01.800,TATASTEEL,1420.18,50,BUY,BSE
2026-10-05 09:31:02.000,TATASTEEL,1420.2,500,SELL,NSE
2026-10-05 09:31:02.200,TATASTEEL,1420.17,25,SELL,NSE
2026-10-05 09:31:02.400,TATASTEEL,1420.18,100,BUY,NSE
2026-10-05 09:31:02.600,TATASTEEL,1420.15,1000,BUY,NSE
2026-10-05 09:31:02.800,TATASTEEL,1420.1,1000,BUY,NSE
2026-10-05 09:31:03.000,TATASTEEL,1420.15,250,BUY,NSE
2026-10-05 09:31:03.200,TATASTEEL,1420.16,250,SELL,BSE
2026-10-05 09:31:03.400,TATASTEEL,1420.26,100,BUY,NSE
2026-10-05 09:31:03.600,TATASTEEL,1420.39,100,SELL,BSE
2026-10-05 09:31:03.800,TATASTEEL,1420.42,500,BUY,NSE
2026-10-05 09:31:04.000,TATASTEEL,1420.44,25,BUY,NSE
2026-10-05 09:31:04.200,TATASTEEL,1420.52,1000,BUY,NSE
2026-10-05 09:31:04.400,TATASTEEL,1420.43,25,SELL,NSE
2026-10-05 09:31:04.600,TATASTEEL,1420.38,50,BUY,NSE
2026-10-05 09:31:04.800,TATASTEEL,1420.37,500,SELL,NSE
2026-10-05 09:31:05.000,TATASTEEL,1420.39,1000,SELL,NSE
2026-10-05 09:31:05.200,TATASTEEL,1420.4,100,BUY,NSE
2026-10-05 09:31:05.400,TATASTEEL,1420.41,10,SELL,NSE
2026-10-05 09:31:05.600,TATASTEEL,1420.45,1000,BUY,NSE
2026-10-05 09:31:05.800,TATASTEEL,1420.45,25,SELL,NSE
2026-10-05 09:31:06.000,TATASTEEL,1420.48,250,BUY,NSE
2026-10-05 09:31:06.200,TATASTEEL,1420.5,500,SELL,NSE
2026-10-05 09:31:06.400,TATASTEEL,1420.47,500,SELL,NSE
2026-10-05 09:31:06.600,TATASTEEL,1420.44,25,SELL,NSE
2026-10-05 09:31:06.800,TATASTEEL,1420.39,10,BUY,NSE
2026-10-05 09:31:07.000,TATASTEEL,1420.41,250,SELL,NSE
2026-10-05 09:31:07.200,TATASTEEL,1420.41,10,SELL,NSE
2026-10-05 09:31:07.400,TATASTEEL,1420.5,250,BUY,NSE
2026-10-05 09:31:07.600,TATASTEEL,1420.52,250,SELL,NSE
2026-10-05 09:31:07.800,TATASTEEL,1420.62,50,BUY,BSE
2026-10-05 09:31:08.000,TATASTEEL,1420.57,500,SELL,NSE
2026-10-05 09:31:08.200,TATASTEEL,1420.58,250,BUY,NSE
2026-10-05 09:31:08.400,TATASTEEL,1420.52,500,SELL,NSE
2026-10-05 09:31:08.600,TATASTEEL,1420.52,100,BUY,NSE
2026-10-05 09:31:08.800,TATASTEEL,1420.57,10,SELL,NSE
2026-10-05 09:31:09.000,TATASTEEL,1420.56,100,SELL,NSE
2026-10-05 09:31:09.200,TATASTEEL,1420.56,500,SELL,NSE
2026-10-05 09:31:09.400,TATASTEEL,1420.59,25,BUY,NSE
2026-10-05 09:31:09.600,TATASTEEL,1420.7,10,SELL,NSE
2026-10-05 09:31:09.800,TATASTEEL,1420.67,250,BUY,NSE
2026-10-05 09:31:10.000,TATASTEEL,1420.63,1000,SELL,NSE
2026-10-05 09:31:10.200,TATASTEEL,1420.62,1000,SELL,BSE
2026-10-05 09:31:10.400,TATASTEEL,1420.62,25,BUY,NSE
2026-10-05 09:31:10.600,TATASTEEL,1420.6,500,SELL,NSE
2026-10-05 09:31:10.800,TATASTEEL,1420.63,250,BUY,BSE
2026-10-05 09:31:11.000,TATASTEEL,1420.68,100,SELL,NSE
2026-10-05 09:31:11.200,TATASTEEL,1420.63,100,BUY,NSE
2026-10-05 09:31:11.400,TATASTEEL,1420.72,25,BUY,NSE
2026-10-05 09:31:11.600,TATASTEEL,1420.67,250,SELL,NSE
2026-10-05 09:31:11.800,TATASTEEL,1420.7,250,SELL,NSE
