Date,ISO_Code,FX_Reserves_Billion_USD,Call_Money_Rate_Pct,Govt_Bond_Yield_10Y_Pct,Bank_Credit_Growth_YoY_Pct,Reserve_Money_Billion_USD
2024-01-05,IND,599.39,6.78,7.06,13.94,380.43
2024-01-12,IND,599.96,6.71,7.01,14.1,380.61
2024-01-19,IND,600.05,6.66,7.18,13.75,380.87
2024-01-26,IND,599.69,6.49,7.13,13.82,381.8
2024-02-02,IND,600.07,6.46,7.24,14.34,381.77
2024-02-09,IND,599.67,6.65,7.21,14.23,381.17
2024-02-16,IND,599.74,6.41,6.97,14.46,381.13
2024-02-23,IND,601.28,6.57,7.32,14.08,381.19
2024-03-01,IND,601.94,6.2,7.16,13.88,381.39
2024-03-08,IND,601.94,6.63,6.99,13.94,382.1
2024-03-15,IND,602.94,6.46,7.02,14.1,382.65
2024-03-22,IND,603.24,6.36,6.92,13.75,382.93
2024-03-29,IND,604.19,6.49,6.89,14.2,383.73
2024-04-05,IND,604.46,6.24,7.27,13.91,384.14
2024-04-12,IND,606.27,6.42,6.91,13.99,383.62
2024-04-19,IND,608.12,6.41,6.86,13.82,383.66
2024-04-26,IND,608.46,6.28,6.94,13.52,383.92
2024-05-03,IND,609.37,6.51,7.12,14.06,384.33
2024-05-10,IND,608.67,6.36,6.91,13.61,385.66
2024-05-17,IND,608.98,6.31,7.09,13.92,385.66
2024-05-24,IND,609.41,6.32,6.94,13.82,386.17
2024-05-31,IND,609.55,6.34,7.28,13.89,385.83
2024-06-07,IND,610.12,6.59,7.4,13.65,385.94
2024-06-14,IND,610.49,6.53,7.07,13.98,384.95
2024-06-21,IND,610.95,6.64,7.09,13.38,385.83
2024-06-28,IND,611.8,6.6,7.05,14.26,385.94
2024-07-05,IND,612.12,6.64,7.19,13.51,386.61
2024-07-12,IND,612.8,6.56,7.09,13.71,387.52
2024-07-19,IND,612.04,6.67,7.1,13.74,387.48
2024-07-26,IND,613.56,6.71,6.97,13.4,387.41
2024-08-02,IND,614.92,6.52,7.04,14.22,387.63
2024-08-09,IND,615.85,6.38,7.11,13.6,388.61
2024-08-16,IND,616.94,6.49,7.08,13.58,388.95
2024-08-23,IND,618.2,6.65,7.35,13.57,389.21
2024-08-30,IND,619.82,6.63,7.1,13.61,389.17
2024-09-06,IND,621.54,6.54,7.09,13.63,390.66
2024-09-13,IND,622.97,6.61,7.03,13.36,390.37
2024-09-20,IND,620.77,6.89,7.08,13.47,389.77
2024-09-27,IND,620.6,6.37,7.2,13.4,389.2
2024-10-04,IND,620.8,6.39,7.12,13.67,389.37
2024-10-11,IND,622.17,6.72,6.99,13.3,389.82
2024-10-18,IND,622.04,6.56,7.2,13.22,391.33
2024-10-25,IND,624.43,6.43,6.98,13.54,392.47
2024-11-01,IND,626.11,6.42,6.98,13.65,392.67
2024-11-08,IND,626.59,6.45,7.11,13.11,393.0
2024-11-15,IND,627.94,6.23,7.07,13.39,393.57
2024-11-22,IND,629.55,6.34,6.99,13.3,394.41
2024-11-29,IND,629.51,6.48,7.4,13.72,394.89
2024-12-06,IND,629.93,6.69,7.05,13.45,395.28
2024-12-13,IND,630.53,6.54,7.11,13.31,396.13
2024-12-20,IND,631.38,6.17,7.2,13.69,396.35
2024-12-27,IND,630.56,6.27,7.11,13.37,396.62
2025-01-03,IND,631.38,6.65,7.05,13.5,396.8
2025-01-10,IND,631.59,6.44,7.23,13.63,396.89
2025-01-17,IND,631.49,6.7,7.21,13.17,397.28
2025-01-24,IND,631.85,6.52,6.91,13.45,397.15
2025-01-31,IND,634.5,6.75,7.32,13.33,397.67
2025-02-07,IND,635.68,6.42,7.25,13.98,398.15
2025-02-14,IND,636.07,6.39,7.18,12.99,398.21
2025-02-21,IND,637.16,6.64,7.07,13.5,398.37
2025-02-28,IND,637.81,6.71,6.97,13.58,399.12
2025-03-07,IND,638.24,6.31,7.0,13.48,400.32
2025-03-14,IND,639.81,6.56,7.14,13.18,401.32
2025-03-21,IND,640.94,6.52,7.1,13.0,401.75
2025-03-28,IND,641.01,6.6,7.11,13.16,401.72
2025-04-04,IND,640.73,6.42,7.07,12.81,401.99
2025-04-11,IND,640.9,6.48,7.33,13.41,401.36
2025-04-18,IND,640.57,6.57,7.34,13.22,401.26
2025-04-25,IND,641.87,6.65,7.07,13.01,401.78
2025-05-02,IND,642.24,6.34,6.97,13.43,401.97
2025-05-09,IND,643.4,6.44,7.1,13.25,401.63
2025-05-16,IND,643.31,6.46,7.11,13.19,401.76
2025-05-23,IND,644.25,6.65,7.1,13.39,402.45
2025-05-30,IND,645.13,6.56,7.26,13.3,402.13
2025-06-06,IND,646.1,6.73,7.09,13.26,402.55
2025-06-13,IND,645.45,6.58,7.06,13.18,402.78
2025-06-20,IND,646.82,6.37,7.02,13.2,403.26
2025-06-27,IND,647.14,6.53,7.05,13.22,404.62
2025-07-04,IND,646.67,6.4,7.14,13.12,405.12
2025-07-11,IND,647.8,6.52,7.1,13.17,405.15
2025-07-18,IND,649.78,6.7,7.12,12.79,404.99
2025-07-25,IND,651.65,6.42,7.09,12.74,404.54
2025-08-01,IND,651.28,6.41,7.2,13.29,404.34
2025-08-08,IND,651.89,6.32,7.27,12.82,405.01
2025-08-15,IND,654.08,6.64,7.12,13.4,404.71
2025-08-22,IND,654.25,6.48,7.22,13.33,404.78
2025-08-29,IND,654.8,6.67,7.32,13.27,404.44
2025-09-05,IND,655.69,6.4,6.99,13.18,404.48
2025-09-12,IND,658.15,6.88,7.11,13.05,404.48
2025-09-19,IND,659.18,6.19,6.88,13.45,404.68
2025-09-26,IND,659.75,6.58,7.07,13.29,405.2
2025-10-03,IND,661.17,6.36,7.03,13.15,406.1
2025-10-10,IND,661.53,6.54,6.94,13.15,405.63
2025-10-17,IND,661.65,6.47,7.09,13.47,405.8
2025-10-24,IND,664.02,6.44,7.17,12.93,405.99
2025-10-31,IND,665.69,6.48,7.19,12.74,405.72
2025-11-07,IND,665.82,6.5,7.28,13.04,405.78
2025-11-14,IND,666.02,6.55,7.17,12.86,406.3
2025-11-21,IND,666.02,6.54,7.24,13.23,406.41
2025-11-28,IND,666.52,6.37,7.01,13.12,406.96
2025-12-05,IND,667.56,6.7,7.0,12.64,407.24
2025-12-12,IND,668.62,6.57,6.97,13.06,407.81
2025-12-19,IND,669.5,6.4,7.04,13.07,409.3
2025-12-26,IND,670.04,6.86,6.84,12.75,410.12
2026-01-02,IND,670.22,6.68,7.11,12.59,410.38
2026-01-09,IND,670.9,6.51,7.19,12.8,409.82
2026-01-16,IND,670.75,6.31,7.02,12.89,409.9
2026-01-23,IND,673.16,6.35,7.17,12.47,410.64
2026-01-30,IND,672.29,6.42,7.12,12.5,411.84
2026-02-06,IND,673.18,6.36,7.19,12.92,412.01
2026-02-13,IND,672.99,6.56,7.38,12.77,412.21
2026-02-20,IND,673.18,6.68,7.07,13.06,412.4
2026-02-27,IND,674.29,6.43,7.15,12.94,412.22
2026-03-06,IND,675.59,6.78,7.25,12.82,411.49
2026-03-13,IND,676.61,6.58,7.35,12.63,411.15
2026-03-20,IND,677.02,6.49,7.05,12.49,411.67
2026-03-27,IND,677.05,6.37,6.84,12.45,412.14
2026-04-03,IND,677.37,6.37,6.97,12.48,411.46
2026-04-10,IND,678.35,6.65,7.03,12.81,411.4
2026-04-17,IND,678.22,6.1,7.14,12.95,411.79
2026-04-24,IND,678.81,6.52,7.19,12.74,412.02
2026-05-01,IND,679.94,6.6,7.35,13.09,412.86
2026-05-08,IND,680.06,6.46,6.94,12.62,413.47
2026-05-15,IND,680.88,6.58,7.05,12.7,414.27
2026-05-22,IND,680.77,6.49,7.15,12.36,413.82
2026-05-29,IND,682.52,6.73,7.02,12.53,412.9
2026-06-05,IND,682.76,6.54,6.94,12.81,413.38
2026-06-12,IND,683.63,6.54,6.99,13.01,413.22
2026-06-19,IND,684.55,6.62,7.06,12.62,414.17
2026-06-26,IND,684.07,6.36,7.06,12.83,413.65
2026-07-03,IND,684.6,6.42,7.14,12.5,413.5
2026-07-10,IND,685.2,6.32,6.96,12.81,413.32
2026-07-17,IND,687.06,6.52,7.04,12.63,413.46
2026-07-24,IND,688.54,6.36,6.99,12.38,413.29
2026-07-31,IND,689.32,6.67,7.04,12.46,413.58
2026-08-07,IND,690.04,6.71,7.23,13.02,413.73
2026-08-14,IND,690.87,6.49,7.2,12.65,413.59
2026-08-21,IND,692.21,6.22,7.06,12.72,414.14
2026-08-28,IND,691.53,6.85,6.97,12.41,414.22
2026-09-04,IND,691.93,6.39,7.11,12.67,415.19
2026-09-11,IND,693.01,6.38,7.11,12.54,415.15
2026-09-18,IND,693.68,6.52,7.18,12.75,416.16
2026-09-25,IND,695.61,6.42,6.93,12.71,415.61
2026-10-02,IND,695.39,6.43,7.3,12.31,416.13
